journal	created	deposited	published.print	doi	indexed	issn	issue	issued	member	page	prefix	publisher	score	source	reference.count	references.count	is.referenced.by.count	title	type	url	volume	published.online	update.policy	language	short.container.title	isbn	archive	subtitle	archive_	na.	author.names	published_on	citations	CiteScore	SJR	WebQualis
Brazilian Journal of Health Review	2022-01-04	2022-01-04	NA	10.34119/bjhrv4n6-441	2022-03-29	2595-6825	6	2021-12-28	30764	29102-29107	10.34119	South Florida Publishing LLC	1	Crossref	0	0	0	A Importância da Monitoria Acadêmica na Disciplina de Fisioterapia Aplicada à Oncologia em Período Pandêmico: Um Relato de Experiência / The Importance of Academic Tutoring in the Discipline of Physiotherapy Applied to Oncology in a Pandemic Period: A Report of Experience	journal-article	http://dx.doi.org/10.34119/bjhrv4n6-441	4	2021-12-28	NA	NA	Braz. J. Hea. Rev.	NA	NA	NA	NA	NA	Thiago Ribeiro Diniz, Gabriel Vital Martins, Gabriel Ferreira Aleixo, Isabel Aparecida Porcatti de Walsh, Vitória Helena Maciel Coelho	2021	0	NA	NA	B3
Revista de APS	2021-09-23	2021-09-23	NA	10.34019/1809-8363.2020.v23.16722	2023-06-24	1809-8363	3	2021-06-23	19922	NA	10.34019	Universidade Federal de Juiz de Fora	1	Crossref	0	0	1	A utilização da abordagem familiar por residentes multiprofissionais em saúde: estudo de caso	journal-article	http://dx.doi.org/10.34019/1809-8363.2020.v23.16722	23	2021-06-23	NA	NA	Revista de APS	NA	NA	NA	NA	NA	Kelly Karina Fiomari, Sabrina Silva Godoi, Ana Laura Campoi, Fernanda Carolina Camargo, Isabel Aparecida Porcatti de Walsh	2021	0	NA	NA	B1
Revista CEFAC	2021-02-09	2021-02-17	NA	10.1590/1982-0216/202123311420	2022-03-31	1982-0216,1516-1846	3	2021	530	NA	10.1590	FapUNIFESP (SciELO)	1	Crossref	25	25	0	Abnormal findings on digital vectoelectronystagmography in patients with temporomandibular disorders	journal-article	http://dx.doi.org/10.1590/1982-0216/202123311420	23	2021	NA	NA	Rev. CEFAC	NA	NA	NA	NA	NA	Adriana Tresso, Gustavo José Luvizutto, Rodrigo Bazan, Heloisa Helena Caovilla, Maurício Malavasi Ganança	2021	0	NA	NA	B1
Perceptual and Motor Skills	2022-08-23	2023-02-27	2022-12	10.1177/00315125221121184	2024-06-15	0031-5125,1558-688X	6	2022-08-22	179	1775-1789	10.1177	SAGE Publications	1	Crossref	49	49	1	Acute Effects of a Haptic Anchor System on Postural Sway of Individuals with Parkinson’s Disease: A Preliminary Study	journal-article	http://dx.doi.org/10.1177/00315125221121184	129	2022-08-22	http://dx.doi.org/10.1177/sage-journals-update-policy	en	Percept Mot Skills	NA	NA	NA	NA	NA	Thanielle S. S. Brito, Luciane A. P. S. de Souza, Gustavo J. Luvizutto	2022	0	2.8	0.557	B1
Motriz: Revista de Educação Física	2021-12-03	2021-12-03	NA	10.1590/s1980-657420220006721	2022-03-31	1980-6574	NA	2022	530	NA	10.1590	FapUNIFESP (SciELO)	1	Crossref	31	31	0	Additional acute effects of virtual reality head-mounted displays on balance outcomes in non-disabled individuals: a proof-of-concept study	journal-article	http://dx.doi.org/10.1590/s1980-657420220006721	28	2022	NA	NA	Motriz: rev. educ. fis.	NA	NA	NA	NA	NA	Eduardo de Moura Neto, Bruno Henrique de Souza Fonseca, Danilo Santos Rocha, Luciane Aparecida Pascucci Sande de Souza, Douglas Reis Abdalla, Dayane Aparecida Viana, Gustavo José Luvizutto	2022	0	NA	0.199	B1
Somatosensory &amp; Motor Research	2020-06-29	2021-05-10	2020-10-01	10.1080/08990220.2020.1784130	2022-04-05	0899-0220,1369-1651	4	2020-06-29	301	245-251	10.1080	Informa UK Limited	1	Crossref	52	52	2	Alpha and beta cortical activity during guitar playing: task complexity and audiovisual stimulus analysis	journal-article	http://dx.doi.org/10.1080/08990220.2020.1784130	37	2020-06-29	http://dx.doi.org/10.1080/tandf_crossmark_01	en	Somatosensory &amp; Motor Research	NA	NA	NA	NA	NA	José Artur Aragão Leite, Mateus Antônio Cândido dos Santos, Rafael Mariano Camilo da Silva, Adriano de Oliveira Andrade, Gustavo Moreira da Silva, Rodrigo Bazan, Luciane Aparecida Pascucci Sande de Souza, Gustavo José Luvizutto	2020	0	NA	NA	B2
NA	2018-01-22	2018-04-09	2018	10.29327/cobecseb	2022-04-05	NA	NA	2018	11875	NA	10.29327	Even3	1	Crossref	0	0	0	Anais do V Congresso Brasileiro de Eletromiografia e Cinesiologia e X Simpósio de Engenharia Biomédica	proceedings	http://dx.doi.org/10.29327/cobecseb	NA	NA	NA	NA	NA	9788557220652	NA	NA	NA	NA	 	2018	0	NA	NA	NA
Research, Society and Development	2021-12-16	2021-12-16	NA	10.33448/rsd-v10i16.23657	2022-04-05	2525-3409	16	2021-12-15	19099	e409101623657	10.33448	Research, Society and Development	1	Crossref	0	0	0	Análise do conhecimento de jovens acerca da relação entre a infecção pelo papilomavírus humano e o câncer orofaríngeo	journal-article	http://dx.doi.org/10.33448/rsd-v10i16.23657	10	2021-12-15	NA	NA	RSD	NA	NA	NA	NA	NA	Maria Laura Alves Silva, Agnaldo Chikitani Fujimura Junior, Marquenia Cintra Laquiz Silva, Laís Manzan Florencio, Kethelim da Silva Lacerda Silvani, Paulo Henrique do Prado Almeida, Michel Reis Abdalla, Eduardo Elias Vieira de Carvalho, George Kemil Abdalla, Ana Karina Marques Salge, Emanuella Francisco Fajardo, Douglas Reis Abdalla	2021	0	NA	NA	C
ConScientiae Saúde	2017-08-10	2024-05-09	NA	10.5585/conssaude.v16n1.6969	2024-05-10	1983-9324,1677-1028	1	2017-06-14	3664	73-81	10.5585	University Nove de Julho	1	Crossref	0	0	0	Análise eletromiográfica durante exercícios de propriocepção de tornozelo em apoio unipodal	journal-article	http://dx.doi.org/10.5585/conssaude.v16n1.6969	16	2017-06-14	NA	NA	Cons. Saúde	NA	NA	NA	NA	NA	Eduardo Henrique Pereira Rodrigues, Dernival Bertoncello	2017	0	NA	NA	B2
Perceptual and Motor Skills	2022-05-05	2023-04-25	2022-06	10.1177/00315125221091344	2024-04-29	0031-5125,1558-688X	3	2022-05-05	179	591-605	10.1177	SAGE Publications	1	Crossref	39	39	1	Analysis of Verticality Perception in Older Adults With and Without Acute Stroke in Half-Lying Versus Sitting Positions	journal-article	http://dx.doi.org/10.1177/00315125221091344	129	2022-05-05	http://dx.doi.org/10.1177/sage-journals-update-policy	en	Percept Mot Skills	NA	NA	NA	NA	NA	Lívia S. Agostini, Priscila S. M. Rodrigues, Rodrigo Bazan, Jussara A. de Oliveira Baggio, Luciane A. P. S. de Souza, Gustavo J. Luvizutto	2022	0	2.8	0.557	B1
Oxidative Medicine and Cellular Longevity	2021-04-14	2021-04-14	2021-04-14	10.1155/2021/5579864	2022-03-31	1942-0994,1942-0900	NA	2021-04-14	98	1-9	10.1155	Hindawi Limited	1	Crossref	59	59	1	Antioxidant Responses in Hypertensive Postmenopausal Women after Acute Beetroot Juice Ingestion and Aerobic Exercise: Double Blind and Placebo-Controlled Crossover Trial	journal-article	http://dx.doi.org/10.1155/2021/5579864	2021	NA	NA	en	Oxidative Medicine and Cellular Longevity	NA	NA	NA	NA	NA	Ana Luiza Amaral, Igor Moraes Mariano, Victor Hugo V. Carrijo, Tállita Cristina F. de Souza, Adriele V. de Souza, Douglas C. Caixeta, Renata R. Teixeira, Erick P. de Oliveira, Foued S. Espindola, Guilherme Morais Puga	2021	0	10.1	1.477	A2
Revista CEFAC	2019-07-02	2021-01-09	NA	10.1590/1982-0216/20192149918	2023-06-21	1982-0216,1516-1846	4	2019	530	NA	10.1590	FapUNIFESP (SciELO)	1	Crossref	38	38	1	Application of Motor Development Scale: an integrative review	journal-article	http://dx.doi.org/10.1590/1982-0216/20192149918	21	2019	NA	NA	Rev. CEFAC	NA	NA	NA	NA	NA	Maria Cecilia Souza Santos, Suraya Gomes Novais Shimano, Larissa Giovanna de Oliveira Araújo, Karina Pereira	2019	0	NA	NA	B1
Revista Subjetividades	2020-08-21	2023-03-10	NA	10.5020/23590777.rs.v20iesp1.e8873	2023-03-11	2359-0777,2359-0769	Esp1	2020-05-20	2931	NA	10.5020	Fundacao Edson Queiroz	1	Crossref	0	0	0	Arranjos de Moradia de Idosos: Associação com Indicadores Sociodemográficos e de Saúde	journal-article	http://dx.doi.org/10.5020/23590777.rs.v20iesp1.e8873	20	2020-05-20	NA	NA	Rev. Subj.	NA	NA	NA	NA	NA	Dóris Firmino Rabelo, Nara Maria Forte Diogo Rocha, Juliana Martins Pinto	2020	0	NA	NA	A3
Revista Família, Ciclos de Vida e Saúde no Contexto Social	2020-05-25	2020-05-25	NA	10.18554/refacs.v8i3.4559	2022-04-03	2318-8413,2318-8413	3	2020-05-24	7811	427	10.18554	Universidade Federal do Triangulo Minero	1	Crossref	0	0	0	Aspectos sociodemográficos e transtorno mental comum em mulheres de um município mineiro	journal-article	http://dx.doi.org/10.18554/refacs.v8i3.4559	8	2020-05-24	NA	NA	REFACS	NA	NA	NA	NA	NA	Patricia Ribeiro Marcacine, Anna Neri Batista da Silva, Jayne Da Silva Pereira, Hugo Duarte, Lourdes Auxiliadora De Oliveira, Isabel Aparecida Porcatti de Walsh	2020	0	NA	NA	B2
Arquivos de Neuro-Psiquiatria	2020-03-17	2021-01-23	NA	10.1590/0004-282x20190172	2022-04-01	1678-4227,0004-282X	3	2020-03	530	158-162	10.1590	FapUNIFESP (SciELO)	1	Crossref	16	16	1	Association between statin use and mortality risks during the acute phase of ischemic stroke in patients admitted to an intensive care unit	journal-article	http://dx.doi.org/10.1590/0004-282x20190172	78	2020-03	NA	NA	Arq. Neuro-Psiquiatr.	NA	NA	NA	NA	NA	Natalia Eduarda FURLAN, Juli Thomaz de SOUZA, Silméia Garcia Zanati BAZAN, Roberto Jorge da Silva FRANCO, Gustavo José LUVIZUTTO, Ana Lúcia GUT, Gabriel Pinheiro MODOLO, Fernanda Cristina WINCKLER, Luis Cuadrado MARTIN, Rodrigo BAZAN	2020	0	2.1	0.341	B2
Disability and Rehabilitation	2018-01-31	2023-08-31	2019-06-19	10.1080/09638288.2018.1432708	2023-12-22	0963-8288,1464-5165	13	2018-01-30	301	1578-1583	10.1080	Informa UK Limited	1	Crossref	37	37	2	Association between the Rosén and Lundborg Score and the Screening Activity Limitation and Safety Awareness scale in hand functional evaluation of patients with leprosy diagnosis	journal-article	http://dx.doi.org/10.1080/09638288.2018.1432708	41	2018-01-30	http://dx.doi.org/10.1080/tandf_crossmark_01	en	Disability and Rehabilitation	NA	NA	NA	NA	NA	Bianca Manzan Reis, Luciane Fernanda Rodrigues Martinho Fernandes	2018	0	4.4	0.796	A1
Journal of Stroke and Cerebrovascular Diseases	2021-11-06	2023-03-25	2022-01	10.1016/j.jstrokecerebrovasdis.2021.106187	2024-05-22	1052-3057	1	2022-01	78	106187	10.1016	Elsevier BV	1	Crossref	54	54	4	Association of Proinflammatory Cytokine Levels with Stroke Severity, Infarct Size, and Muscle Strength in the Acute Phase of Stroke	journal-article	http://dx.doi.org/10.1016/j.jstrokecerebrovasdis.2021.106187	31	NA	http://dx.doi.org/10.1016/elsevier_cm_policy	en	Journal of Stroke and Cerebrovascular Diseases	NA	NA	NA	NA	NA	Ana Carolina Silva Bitencourt, Rodolfo Pessato Timóteo, Rodrigo Bazan, Marcos Vinícius Silva, Luiz Gonzaga da Silveira Filho, Cristhianne Molinero Andrade Ratkevicius, Thaís Soares Farnesi de Assunção, Ana Paula Silva de Oliveira, Gustavo José Luvizutto	2022	0	4.3	0.678	A4
Revista Família, Ciclos de Vida e Saúde no Contexto Social	2020-03-04	2020-03-04	NA	10.18554/refacs.v8i2.4335	2024-01-16	2318-8413,2318-8413	2	2020-03-03	7811	317	10.18554	Universidade Federal do Triangulo Minero	1	Crossref	0	0	1	Atividades grupais para trabalhadores com distúrbios osteomusculares relacionados ao trabalho: relato de experiência	journal-article	http://dx.doi.org/10.18554/refacs.v8i2.4335	8	2020-03-03	NA	NA	REFACS	NA	NA	NA	NA	NA	Alline Alves de Sousa, Thais De Souza Toledo, Edneia De Oliveira Salum, Jéssica Carvalho Lima, Patricia Ribeiro Marcacine, Camila Soares, Isabel Aparecida Porcatti de Walsh	2020	0	NA	NA	B2
ConScientiae Saúde	2017-03-06	2024-05-09	NA	10.5585/conssaude.v15n3.6360	2024-05-09	1983-9324,1677-1028	3	2017-01-23	3664	433-439	10.5585	University Nove de Julho	1	Crossref	0	0	7	Avaliação da modulação autonômica em indivíduos com síndrome de Down na equoterapia	journal-article	http://dx.doi.org/10.5585/conssaude.v15n3.6360	15	2017-01-23	NA	NA	Cons. Saúde	NA	NA	NA	NA	NA	Domingos Emanuel Bevilacqua Junior, Laís Lorena de Melo Lopes, Marilita Falangola Accioly, Mariane Fernandes Ribeiro, Alex Abadio Ferreira, Vicente De Paula Antunes Teixeira, Ana Paula Espindula	2017	0	NA	NA	B2
Journal of Exercise Science &amp; Fitness	2020-12-18	2021-02-18	2021-04	10.1016/j.jesf.2020.12.001	2024-05-16	1728-869X	2	2021-04	78	104-110	10.1016	Elsevier BV	1	Crossref	44	44	5	Beetroot juice intake with different amounts of nitrate does not change aerobic exercise-mediated responses in heart rate variability in hypertensive postmenopausal women: A randomized, crossover and double-blind study	journal-article	http://dx.doi.org/10.1016/j.jesf.2020.12.001	19	NA	http://dx.doi.org/10.1016/elsevier_cm_policy	en	Journal of Exercise Science &amp; Fitness	NA	NA	NA	NA	NA	Victor Hugo V. Carrijo, Ana Luiza Amaral, Igor M. Mariano, Tállita Cristina F. de Souza, Jaqueline P. Batista, Erick P. de Oliveira, Guilherme M. Puga	2021	0	5.1	0.743	A4
Research, Society and Development	2023-01-12	2023-01-12	NA	10.33448/rsd-v12i1.39594	2023-01-13	2525-3409	1	2023-01-11	19099	e28212139594	10.33448	Research, Society and Development	1	Crossref	0	0	0	Benefícios da massagem infantil em recém-nascidos e lactentes: Revisão integrativa	journal-article	http://dx.doi.org/10.33448/rsd-v12i1.39594	12	2023-01-11	NA	NA	RSD	NA	NA	NA	NA	NA	Verônica da Silva Carvalho, Maria Paula Custódio Silva, Luana Tamires da Silva Alves, Nylze Helena Guillarducci Rocha, Divanice Contim, Nuno Miguel Lopes de Oliveira	2023	0	NA	NA	C
Journal of Sport Rehabilitation	2015-07-13	2022-05-19	2017-01	10.1123/jsr.2015-0071	2024-03-26	1056-6716,1543-3072	1	2017-01	100	42-50	10.1123	Human Kinetics	1	Crossref	0	0	24	Biomechanical Analysis of the Closed Kinetic Chain Upper-Extremity Stability Test	journal-article	http://dx.doi.org/10.1123/jsr.2015-0071	26	NA	NA	NA	NA	NA	NA	NA	NA	NA	Helga T. Tucci, Lilian R. Felicio, Kevin J. McQuade, Debora Bevilaqua-Grossi, Paula Maria Ferreira Camarini, Anamaria S. Oliveira	2017	0	3.2	0.58	A4
Research Quarterly for Exercise and Sport	2021-10-28	2022-11-29	2022-10-02	10.1080/02701367.2021.1917756	2024-04-14	0270-1367,2168-3824	4	2021-10-28	301	749-757	10.1080	Informa UK Limited	1	Crossref	29	29	4	Blood Pressure and Heart Rate Variability Responses to High-Intensity Interval Training in Untrained Postmenopausal Women	journal-article	http://dx.doi.org/10.1080/02701367.2021.1917756	93	2021-10-28	http://dx.doi.org/10.1080/tandf_crossmark_01	en	Research Quarterly for Exercise and Sport	NA	NA	NA	NA	NA	Victor Hugo de Freitas, Igor Moraes Mariano, Ana Luiza Amaral, Mateus Lima Rodrigues, Victor Hugo Vilarinho Carrijo, Fábio Yuzo Nakamura, Guilherme Morais Puga	2021	0	4.3	0.748	A3
Dementia &amp; Neuropsychologia	2022-05-24	2022-09-27	NA	10.1590/1980-5764-dn-2021-0116	2024-06-12	1980-5764	3	2022-09	530	354-360	10.1590	FapUNIFESP (SciELO)	1	Crossref	30	30	3	Can the choice reaction time be modified after COVID-19 diagnosis? A prospective cohort study	journal-article	http://dx.doi.org/10.1590/1980-5764-dn-2021-0116	16	2022-09	NA	NA	Dement. neuropsychol.	NA	NA	NA	NA	NA	Gustavo José Luvizutto, Angélica Taciana Sisconetto, Pablo Andrei Appelt, Kelly Savana Minaré Baldo Sucupira, Eduardo de Moura Neto, Luciane Aparecida Pascucci Sande de Souza	2022	0	2.7	0.42	B2
Revista Família, Ciclos de Vida e Saúde no Contexto Social	2020-03-04	2020-03-04	NA	10.18554/refacs.v8i2.4329	2022-08-24	2318-8413,2318-8413	2	2020-03-03	7811	242	10.18554	Universidade Federal do Triangulo Minero	1	Crossref	0	0	1	Capacidade para o trabalho e qualidade de vida no Crossfit	journal-article	http://dx.doi.org/10.18554/refacs.v8i2.4329	8	2020-03-03	NA	NA	REFACS	NA	NA	NA	NA	NA	Antônio Ribeiro Neto, Lucimara Ferreira Magalhães, Isabel Aparecida Porcatti de Walsh, Dernival Bertoncello	2020	0	NA	NA	B2
O Mundo da Saúde	2023-01-26	2023-01-26	2022-01-01	10.15343/0104-7809.202246493502p	2023-01-27	0104-7809,1980-3990	NA	2022-01-01	6018	493-502	10.15343	Centro Universitario Sao Camilo - Sao Paulo	1	Crossref	0	0	0	Características da dor no joelho em idosos usuários da atenção primária à saúde, segundo aspectos sociodemográficos	journal-article	http://dx.doi.org/10.15343/0104-7809.202246493502p	46	2022-12-31	NA	NA	Mundo Saúde	NA	NA	NA	NA	NA	Jean Barbosa Luciano, Mariana Thays Carvalho Moreira, Daiane Aparecida Damasceno, Gabriel Ferreira Aleixo, Lara Andrade Souza, Adriana Cristina de Araújo Figueiredo, Juliana Martins Pinto	2022	0	0.2	0.121	B4
European Journal of Obstetrics &amp; Gynecology and Reproductive Biology	2020-06-09	2021-08-17	2020-09	10.1016/j.ejogrb.2020.05.050	2023-08-21	0301-2115	NA	2020-09	78	36-42	10.1016	Elsevier BV	1	Crossref	32	32	1	Cardiovascular responses to pelvic floor muscle contraction in healthy women: Prospective study	journal-article	http://dx.doi.org/10.1016/j.ejogrb.2020.05.050	252	NA	http://dx.doi.org/10.1016/elsevier_cm_policy	en	European Journal of Obstetrics &amp; Gynecology and Reproductive Biology	NA	NA	NA	NA	NA	Alana Maria G. Bastos, Aparecida M. Catai, Soraia P. Jürgensen, Grasiela N. Correia, Vanessa S. Pereira-Baldon, Natalia Perseguini, Audrey Borghi-Silva, Patricia Driusso	2020	0	4.0	0.78	A4
Revista Brasileira de Oftalmologia	2017-02-14	2021-06-02	2017	10.5935/0034-7280.20170004	2022-03-30	0034-7280	1	2017	23200	NA	10.37039	Revista Brasileira de Oftalmologia	1	Crossref	0	0	0	Caregiver‘s assistance in the self-care functional skills in children with low vision age 2 to 3 years	journal-article	http://dx.doi.org/10.5935/0034-7280.20170004	76	NA	NA	en	NA	NA	NA	NA	NA	NA	Janaine Brandão, Gabriel Antonio Nogueira Nascentes, Karina Pereira	2017	0	0.3	0.146	B2
Fisioterapia em Movimento	2016-10-01	2022-07-09	2016-09	10.1590/1980-5918.029.003.ao15	2024-06-14	0103-5150	3	2016-09	530	569-579	10.1590	FapUNIFESP (SciELO)	1	Crossref	36	36	1	Carpal tunnel syndrome: mobilization and segmental stabilization	journal-article	http://dx.doi.org/10.1590/1980-5918.029.003.ao15	29	NA	NA	NA	Fisioter. mov.	NA	NA	NA	NA	NA	David Fedrigo Moraes, Andréa Licre Pessina Gasparini, Marco Aurélio Sertório Grecco, Nathalia Helen Neves Almeida, Tamiris Cassin Mainardi, Luciane Fernanda Rodrigues Martinho Fernandes	2016	0	0.3	NA	B1
Journal of Bodywork and Movement Therapies	2020-09-02	2021-05-13	2021-04	10.1016/j.jbmt.2020.08.013	2022-04-02	1360-8592	NA	2021-04	78	207-213	10.1016	Elsevier BV	1	Crossref	22	22	0	Choice reaction time can be influenced by intervention protocols after stroke: A systematic review	journal-article	http://dx.doi.org/10.1016/j.jbmt.2020.08.013	26	NA	http://dx.doi.org/10.1016/elsevier_cm_policy	en	Journal of Bodywork and Movement Therapies	NA	NA	NA	NA	NA	Tamise Aguiar Caires, Ana Caroline Magrine Bruno, Luciane Fernanda Rodrigues Martinho Fernandes, Adriano de Oliveira Andrade, Luciane Aparecida Pascucci Sande de Souza, Gustavo José Luvizutto	2021	0	2.5	0.48	A2
Topics in Stroke Rehabilitation	2020-08-10	2021-03-25	2021-04-03	10.1080/10749357.2020.1805244	2024-05-29	1074-9357,1945-5119	3	2020-08-10	301	181-189	10.1080	Informa UK Limited	1	Crossref	42	42	7	Clinical factors associated with trunk control after stroke: A prospective study	journal-article	http://dx.doi.org/10.1080/10749357.2020.1805244	28	2020-08-10	http://dx.doi.org/10.1080/tandf_crossmark_01	en	Topics in Stroke Rehabilitation	NA	NA	NA	NA	NA	Laís Geronutti Martins, Rafael Dalle Molle da Costa, Lorena Cristina Alvarez Sartor, Juli Thomaz de Souza, Fernanda Cristina Winckler, Taís Regina da Silva, Gabriel Pinheiro Modolo, Hélio Rubens De Carvalho Nunes, Silméia Garcia Zanati Bazan, Luis Cuadrado Martin, Gustavo José Luvizutto, Rodrigo Bazan	2020	0	4.5	0.835	A1
Fisioterapia em Movimento	2018-06-12	2022-08-25	NA	10.1590/1980-5918.031.ao24	2024-06-18	1980-5918	0	2018-06-07	530	NA	10.1590	FapUNIFESP (SciELO)	1	Crossref	55	55	5	Clinical functional evaluation of female's pelvic floor: integrative review	journal-article	http://dx.doi.org/10.1590/1980-5918.031.ao24	31	2018-06-07	NA	NA	Fisioter. mov.	NA	NA	NA	NA	NA	Ana Carolina Nociti Lopes Fernandes, Bianca Manzan Reis, Lislei Jorge Patrizzi, Maria Cristina Cortez Carneiro Meirelles	2018	0	0.3	0.123	B1
Journal of NeuroEngineering and Rehabilitation	2016-06-16	2020-09-22	2016-12	10.1186/s12984-016-0166-1	2023-08-19	1743-0003	1	2016-06-16	297	NA	10.1186	Springer Science and Business Media LLC	1	Crossref	23	23	9	Collaborative robotic biomechanical interactions and gait adjustments in young, non-impaired individuals	journal-article	http://dx.doi.org/10.1186/s12984-016-0166-1	13	2016-06-16	http://dx.doi.org/10.1007/springer_crossmark_policy	en	J NeuroEngineering Rehabil	NA	NA	NA	NA	NA	Valdeci C. Dionisio, David A. Brown	2016	0	8.8	1.291	A1
Acta Cirurgica Brasileira	2017-07-06	2017-07-19	2017-06	10.1590/s0102-865020170060000008	2024-05-17	0102-8650	6	2017-06	530	475-481	10.1590	FapUNIFESP (SciELO)	1	Crossref	20	20	1	Comparative study of pain in women submitted to conventional laparoscopic cholecystectomy versus single-port laparoscopic cholecystectomy	journal-article	http://dx.doi.org/10.1590/s0102-865020170060000008	32	NA	NA	NA	Acta Cir. Bras.	NA	NA	NA	NA	NA	Júverson Alves Terra Júnior, Guilherme Azevedo Terra, Marisa de Carvalho Borges, Tharsus Dias Takeuti, Luciana Garcia Pereira Castro, Simone Souza Lima, Luciane Fernanda Rodrigues Martinho Fernandes, Alex Augusto da Silva, Eduardo Crema	2017	0	2.4	0.267	A4
Revista Brasileira de Terapia Intensiva	2018-01-08	2024-02-15	2017	10.5935/0103-507x.20170067	2024-02-15	0103-507X	4	2017	3948	NA	10.5935	GN1 Sistemas e Publicacoes Ltd.	1	Crossref	0	0	1	Comparison between conventional protective mechanical ventilation and
            high-frequency oscillatory ventilation associated with the prone position	journal-article	http://dx.doi.org/10.5935/0103-507x.20170067	29	NA	NA	en	NA	NA	NA	NA	NA	NA	José Roberto Fioretto, Susiane Oliveira Klefens, Rafaelle Fernandes Pires, Cilmery Suemi Kurokawa, Mario Ferreira Carpi, Rossano César Bonatto, Marcos Aurélio Moraes, Carlos Fernando Ronchi	2017	0	2.7	0.373	B1
Revista Família, Ciclos de Vida e Saúde no Contexto Social	2020-03-04	2020-03-04	NA	10.18554/refacs.v8i2.4334	2022-04-04	2318-8413,2318-8413	2	2020-03-03	7811	282	10.18554	Universidade Federal do Triangulo Minero	1	Crossref	0	0	0	Conhecimento e satisfação dos usuários de uma unidade básica sobre os serviços de saúde	journal-article	http://dx.doi.org/10.18554/refacs.v8i2.4334	8	2020-03-03	NA	NA	REFACS	NA	NA	NA	NA	NA	Gilda Mayumi Garcez da Silva Honda, Jéssica Carvalho Lima, Marilita Falangola Accioly, Lislei Jorge Patrizzi Martins, Suraya Gomes Novais Shimano, Isabel Aparecida Porcatti de Walsh	2020	0	NA	NA	B2
Fisioterapia e Pesquisa	2018-07-27	2019-10-21	NA	10.1590/1809-2950/17025025022018	2022-03-29	2316-9117,1809-2950	2	2018-06	530	224-228	10.1590	FapUNIFESP (SciELO)	1	Crossref	17	17	1	Controle de tronco e sua relação com quadro clínico, área comprometida e fase pós-acidente vascular encefálico	journal-article	http://dx.doi.org/10.1590/1809-2950/17025025022018	25	2018-06	NA	NA	Fisioter. Pesqui.	NA	NA	NA	NA	NA	Tamise Aguiar Caires, Gislaine Valeria Silva, Shamyr Sulyvan de Castro, Luciane Aparecida Pascucci Sande de Souza	2018	0	NA	NA	B1
Journal of Physical Education	2018-05-15	2018-05-15	NA	10.4025/jphyseduc.v29i1.2936	2023-03-27	2448-2455	1	2018	2451	NA	10.4025	Universidade Estadual de Maringa	1	Crossref	0	0	3	CONTROLE POSTURAL DE ATLETAS COM DIFERENTES GRAUS DE  DEFICIÊNCIA VISUAL	journal-article	http://dx.doi.org/10.4025/jphyseduc.v29i1.2936	29	2018	NA	NA	J Phys Educ	NA	NA	NA	NA	NA	Claudemir do Nascimento Santos, Thiago Lemos de Carvalho, Lilian Ramiro Felício, Míriam Raquel  Meira Mainenti, Patrícia dos Santos Vigário	2018	0	0.7	0.226	B1
Arquivos de Ciências do Esporte	2019-08-05	2022-06-14	NA	10.17648/aces.v7n1.3497	2022-06-14	2317-7136	1	2019-07-31	11875	NA	10.29327	Even3	1	Crossref	0	0	0	Correlação entre avaliação física virtual e de desempenho funcional em mulheres: Um estudo piloto	journal-article	http://dx.doi.org/10.17648/aces.v7n1.3497	7	2019-07-31	NA	NA	Arq Cien Esp	NA	NA	NA	NA	NA	Marina Andrade Donzeli, Lucas Gabriel Coelho Gomes, Eduardo Henrique Pereira Rodrigues, Gustavo De Mello Rodrigues, Dernival Bertoncello, Daniel Ferreira Moreira Lobato	2019	0	NA	NA	B2
Revista Brasileira de Qualidade de Vida	2016-06-03	2016-06-03	NA	10.3895/rbqv.v8n1.3744	2022-05-27	2175-0858	1	2016-05-15	2260	NA	10.3895	Universidade Tecnologica Federal do Parana (UTFPR)	1	Crossref	0	0	1	Correlação entre qualidade de vida e distúrbios osteomusculares relacionados ao trabalho em mineiros	journal-article	http://dx.doi.org/10.3895/rbqv.v8n1.3744	8	2016-05-15	NA	NA	R. bras. Qual. Vida	NA	NA	NA	NA	NA	Milena Nunes Alves de Sousa, Branca Maria de Oliveira Santos, José Eduardo Zaia, Dernival Bertoncello, Paulo Roberto Veiga Quemelo	2016	0	NA	NA	B4
ConScientiae Saúde	2020-07-20	2024-05-09	NA	10.5585/conssaude.v18n4.14921	2024-05-10	1983-9324,1677-1028	4	2020-07-20	3664	455-469	10.5585	University Nove de Julho	1	Crossref	0	0	0	Corticóides inalatórios na capacidade funcional de indíviduos com doença pulmonar obstrutiva crônica	journal-article	http://dx.doi.org/10.5585/conssaude.v18n4.14921	18	2020-07-20	NA	NA	Cons. Saúde	NA	NA	NA	NA	NA	Jullyne Carvalho Ferreira, Eliane Maria De Carvalho, Ednaldo Carvalho Guimarães, Vanessa Martins Pereira Silva Moreira, Jessica Garcia Jorge, Valdeci Carlos Dionísio	2020	0	NA	NA	B2
Physiotherapy Research International	2021-10-29	2023-08-28	2022-01	10.1002/pri.1928	2023-08-29	1358-2267,1471-2865	1	2021-10-29	311	NA	10.1002	Wiley	1	Crossref	55	55	0	Could emotional and sensitization status affect postural sway in adults with knee osteoarthritis?	journal-article	http://dx.doi.org/10.1002/pri.1928	27	2021-10-29	http://dx.doi.org/10.1002/crossmark_policy	en	Physiotherapy Res Intl	NA	Portico	NA	NA	NA	Fabiana da Silva Soares, Natalia Foppa, Valdeci Carlos Dionisio	2021	0	3.4	0.608	A4
Fisioterapia em Movimento	2022-09-23	2023-11-27	NA	10.1590/fm.2022.35132.0	2024-03-03	1980-5918	NA	2022	530	NA	10.1590	FapUNIFESP (SciELO)	1	Crossref	30	30	0	Cuidadores de idosos em cuidados paliativos: nível de sobrecarga e sintomas depressivos	journal-article	http://dx.doi.org/10.1590/fm.2022.35132.0	35	2022	NA	NA	Fisioter. mov.	NA	NA	NA	NA	NA	Luciana Aparecida Teixeira, Marisa de Carvalho Borges, Daniela Pacifico Homem de Abreu, Karen Bento Ribeiro, Suraya Gomes Novais Shimano, Lislei Jorge Patrizzi Martins	2022	0	0.3	0.123	B1
Revista Família, Ciclos de Vida e Saúde no Contexto Social	2020-04-26	2020-04-28	NA	10.18554/refacs.v8i1.4449	2022-04-02	2318-8413,2318-8413	1	2020-04-01	7811	126	10.18554	Universidade Federal do Triangulo Minero	1	Crossref	0	0	0	Desempenho motor em crianças pela Movement Assessment Battery for Children-2: revisão integrativa	journal-article	http://dx.doi.org/10.18554/refacs.v8i1.4449	8	2020-04-01	NA	NA	REFACS	NA	NA	NA	NA	NA	Maria Fernanda Sabongi Izeppi, Caroline De Oliveira, Karina Pereira	2020	0	NA	NA	B2
ConScientiae Saúde	2018-03-01	2024-05-09	NA	10.5585/conssaude.v16n4.7835	2024-05-10	1983-9324,1677-1028	4	2017-12-28	3664	463-470	10.5585	University Nove de Julho	1	Crossref	0	0	3	Desenvolvimento neuropsicomotor de recém-nascidos prematuros: uma revisão sistemática	journal-article	http://dx.doi.org/10.5585/conssaude.v16n4.7835	16	2017-12-28	NA	NA	Cons. Saúde	NA	NA	NA	NA	NA	Pollyanna Tavares Silva Fernandes, Taciane Cristina Santana, Ana Laura Nogueira, Franciele Carvalho Santos, Dernival Bertoncello	2017	0	NA	NA	B2
Human Movement	2021-10-26	2024-03-22	NA	10.5114/hm.2022.109072	2024-03-22	1899-1955	2	2021-10-26	3061	138-144	10.5114	Termedia Sp. z.o.o.	1	Crossref	29	29	1	Development and application of an electrical buzz wire to evaluate eye-hand coordination and object control skill in children: a feasibility study	journal-article	http://dx.doi.org/10.5114/hm.2022.109072	23	2021-10-26	NA	NA	Hum Mov.	NA	NA	NA	NA	NA	Gustavo José Luvizutto, Ana Carolina Bruno, Sabrina Ferreira De Oliveira, Maristella Borges Silva, Luciane Aparecida Pascucci Sande de Souza	2021	0	0.8	0.435	B1
Clinical and Experimental Hypertension	2022-04-24	2022-08-10	2022-07-04	10.1080/10641963.2022.2065290	2023-10-17	1064-1963,1525-6006	5	2022-04-23	301	442-450	10.1080	Informa UK Limited	1	Crossref	44	44	2	Different cardiovascular responses to exercise training in hypertensive women receiving β-blockers or angiotensin receptor blockers: A pilot study	journal-article	http://dx.doi.org/10.1080/10641963.2022.2065290	44	2022-04-23	http://dx.doi.org/10.1080/tandf_crossmark_01	en	Clinical and Experimental Hypertension	NA	NA	NA	NA	NA	Igor M. Mariano, Ana Luiza Amaral, Victor Hugo V. Carrijo, Juliene G. Costa, Mateus de L. Rodrigues, Thulio M. Cunha, Guilherme M. Puga	2022	0	3.6	0.448	B1
Clinical Biomechanics	2019-01-31	2019-02-25	2019-02	10.1016/j.clinbiomech.2019.01.011	2024-06-06	0268-0033	NA	2019-02	78	104-112	10.1016	Elsevier BV	1	Crossref	48	48	5	Do the center of mass strategies change with restricted vision during the sit-to-stand task?	journal-article	http://dx.doi.org/10.1016/j.clinbiomech.2019.01.011	62	NA	http://dx.doi.org/10.1016/elsevier_cm_policy	en	Clinical Biomechanics	NA	NA	NA	NA	NA	Mozhgan Faraji Aylar, Valdeci Carlos Dionisio, AmirAli Jafarnezhadgero	2019	0	3.7	0.52	A3
Revista Dor	2016-02-23	2016-12-26	2016	10.5935/1806-0013.20160011	2022-04-03	1806-0013	1	2016	3948	NA	10.5935	GN1 Genesis Network	1	Crossref	0	0	1	Does abdominal diastasis influence lumbar pain during gestation?	journal-article	http://dx.doi.org/10.5935/1806-0013.20160011	17	NA	NA	en	NA	NA	NA	NA	NA	NA	Marília Duarte dos Santos, Rafaela de Melo Silva, Mariana Pereira Vicente, Vanessa Pinho Palmezoni, Eliane Maria de Carvalho, Ana Paula Magalhães Resende	2016	0	NA	NA	A3
Asian Journal of Sports Medicine	2018-03-11	2023-09-25	NA	10.5812/asjsm.63946	2023-09-25	2008-000X,2008-7209	1	2018-03-11	3819	NA	10.5812	Briefland	1	Crossref	43	43	3	Does the Kinesio Tape Provide more Knee Extensor Torque?	journal-article	http://dx.doi.org/10.5812/asjsm.63946	9	2018-03-11	http://dx.doi.org/10.5812/crossmark_update_policy	NA	Asian J Sports Med	NA	NA	NA	NA	NA	Mauricio dos Santos Soares, Agnaldo Jose Lopes, Patricia dos Santos Vigario, Marcio Puglia Souza, Helcio Figueiredo da Costa, Lilian Ramiro Felicio	2018	0	1.0	0.194	B1
Arquivos de Neuro-Psiquiatria	2022-12-19	2023-04-27	2022-10	10.1055/s-0042-1758394	2023-04-27	0004-282X,1678-4227	10	2022-10	194	1077-1078	10.1055	Georg Thieme Verlag KG	1	Crossref	4	4	0	Eastchester clapping sign and networks related to spatial attention	journal-article	http://dx.doi.org/10.1055/s-0042-1758394	80	2022-12-19	NA	en	Arq Neuropsiquiatr	NA	NA	NA	Portico	CLOCKSS	Gustavo José Luvizutto, Gabriel Pereira Braga, Luiz Eduardo Gomes Garcia Betting, Rodrigo Bazan	2022	0	2.1	0.341	B2
Revista de Enfermagem e Atenção à Saúde	2018-10-15	2018-10-15	NA	10.18554/reas.v7i2.3314	2022-04-01	2317-1154	2	2018-10-15	7811	NA	10.18554	Universidade Federal do Triangulo Minero	1	Crossref	0	0	0	EDITORIAL	journal-article	http://dx.doi.org/10.18554/reas.v7i2.3314	7	2018-10-15	NA	NA	Rev Enferm Atenção Saúde	NA	NA	NA	NA	NA	Lislei Patrizzi Martins	2018	0	NA	NA	B1
Revista Brasileira de Fisiologia do exerc&amp;iacute cio	2020-10-23	2022-12-05	NA	10.33233/rbfex.v19i5.4239	2023-09-24	2675-1372,1677-8510	5	2021-10-15	18483	409-420	10.33233	Convergences Editorial	1	Crossref	0	0	3	Efeito agudo do Mat Pilates sobre a variabilidade da pressão arterial ambulatorial em mulheres após a menopausa	journal-article	http://dx.doi.org/10.33233/rbfex.v19i5.4239	19	2021-10-15	NA	NA	Rev Bras Fisiol Exerc	NA	NA	NA	NA	NA	Jaqueline Pontes Batista, Igor Moraes Mariano, Ana Luiza Amaral, Larissa Aparecida Santos Matias, Tállita Cristina Ferreira de Souza, Ana Paula Magalhães Resende, Guilherme Morais Puga	2021	0	NA	NA	B2
Research, Society and Development	2021-06-08	2021-06-08	NA	10.33448/rsd-v10i6.15966	2022-03-29	2525-3409	6	2021-06-04	19099	e41410615966	10.33448	Research, Society and Development	1	Crossref	0	0	0	Efeitos da terapia de realidade virtual no controle postural de crianças com síndrome de Down	journal-article	http://dx.doi.org/10.33448/rsd-v10i6.15966	10	2021-06-04	NA	NA	RSD	NA	NA	NA	NA	NA	Lorena Fuchs Silva, Janaine Brandão Lage, Luciane Aparecida Pascucci Sande de Souza, Rodrigo César Rosa, Fabrizio Antônio Gomide Cardoso, Ana Paula Espindula	2021	0	NA	NA	C
ConScientiae Saúde	2016-10-21	2024-05-09	NA	10.5585/conssaude.v15n1.6119	2024-05-09	1983-9324,1677-1028	1	2016-07-04	3664	38-43	10.5585	University Nove de Julho	1	Crossref	0	0	1	Efeitos de atividades psicomotoras no desenvolvimento motor de pré-escolares de cinco anos de idade	journal-article	http://dx.doi.org/10.5585/conssaude.v15n1.6119	15	2016-07-04	NA	NA	Cons. Saúde	NA	NA	NA	NA	NA	Natasha Yumi Matsunaga, Karina Pereira, Patricia Ribeiro Marcacine, Shamyr Sulyvan de Castro, Isabel Aparecida Porcatti de Walsh	2016	0	NA	NA	B2
Ciência em Movimento	2022-08-15	2022-08-15	NA	10.15602/1983-9480/cm.v23n48p45-53	2022-08-15	1983-9480,1517-1914	48	2022-07-06	6238	45-53	10.15602	Instituto Porto Alegre da Igreja Metodista	1	Crossref	0	0	0	Efeitos de um treinamento motor-cognitivo em trilhas na mobilidade e funcionalidade de idosos institucionalizados: Estudo Piloto	journal-article	http://dx.doi.org/10.15602/1983-9480/cm.v23n48p45-53	23	2022-07-06	NA	NA	CM - RS	NA	NA	NA	NA	NA	Tamiris Cassin Mainardi, Suraya Gomes Novais Shimano, Isabel Aparecida Porcatti de Wash, Luciane A. Pascucci Sande de Souza, Jéssica Karen Alves Nogueira, Mariana Thays Carvalho, Victória Reis Rangel, Lislei Jorge Patrizzi	2022	0	NA	NA	B1
Revista Família, Ciclos de Vida e Saúde no Contexto Social	2019-07-23	2019-10-09	NA	10.18554/refacs.v7i4.3619	2022-04-06	2318-8413,2318-8413	4	2019-10-07	7811	470	10.18554	Universidade Federal do Triangulo Minero	1	Crossref	0	0	0	Efeitos do treinamento multissensorial na mobilidade de tronco e no equilíbrio em idosos comunitários	journal-article	http://dx.doi.org/10.18554/refacs.v7i4.3619	7	2019-10-07	NA	NA	REFACS	NA	NA	NA	NA	NA	Mariana Resende Silva, Núbia Galindo Nascimento, Lislei Jorge Patrizzi Martins, Isabel Aparecida Porcatti Walsh, Suraya Gomes Novais Shimano	2019	0	NA	NA	B2
Motriz: Revista de Educação Física	2021-05-05	2021-05-05	NA	10.1590/s1980-65742021020621	2023-01-27	1980-6574	NA	2021	530	NA	10.1590	FapUNIFESP (SciELO)	1	Crossref	37	37	2	Effect of combined exercise training on heart rate variability in normotensive and hypertensive postmenopausal women	journal-article	http://dx.doi.org/10.1590/s1980-65742021020621	27	2021	NA	NA	Motriz: rev. educ. fis.	NA	NA	NA	NA	NA	Igor M. Mariano, Victor Hugo de Freitas, Jaqueline P. Batista, Tállita C.F. de Souza, Ana Luiza Amaral, Juliene G.C. Dechichi, Mateus L. Rodrigues, Victor Hugo V. Carrijo, Guilherme M. Puga	2021	0	NA	0.199	B1
Gait &amp; Posture	2018-05-18	2018-08-21	2018-07	10.1016/j.gaitpost.2018.05.018	2023-11-01	0966-6362	NA	2018-07	78	12-17	10.1016	Elsevier BV	1	Crossref	24	24	4	Effect of forward-directed aiding force on gait mechanics in healthy young adults while walking faster	journal-article	http://dx.doi.org/10.1016/j.gaitpost.2018.05.018	64	NA	http://dx.doi.org/10.1016/elsevier_cm_policy	en	Gait &amp; Posture	NA	NA	NA	NA	NA	Valdeci C. Dionisio, Christopher P. Hurt, David A. Brown	2018	0	4.8	0.724	A2
Medicine: Case Reports and Study Protocols	2021-11-16	2023-12-01	NA	10.1097/md9.0000000000000146	2023-12-02	2691-3895	11	2021-11	276	e0146	10.1097	Ovid Technologies (Wolters Kluwer Health)	1	Crossref	30	30	0	Effect of respiratory muscle training on expiratory muscle strength and abdominal electrical activity in the acute phase of Stroke	journal-article	http://dx.doi.org/10.1097/md9.0000000000000146	2	2021-11	NA	en	NA	NA	NA	A protocol for randomized clinical trial	NA	NA	Lorena Cristina Alvarez Sartor, Gustavo José Luvizutto, Juli Thomaz Souza, Luana Aparecida Miranda, Evelin Roberta Silva Dalle Molle da Costa, Priscila Watson Ribeiro, Gabriel Pinheiro Modolo, Taís Regina da Silva, Robson Aparecido Prudente, Letícia Cláudia de Oliveira Antunes, Rafael Dalle Molle da Costa, Natália Cristina Ferreira, Hélio Rubens de Carvalho Nunes, Silméia Garcia Zanati Bazan, Fernanda Cristina Winckler, Marcos Ferreira Minicucci, Rodrigo Bazan	2021	0	NA	NA	NA
Neuroscience Letters	2021-11-14	2023-01-27	2022-01	10.1016/j.neulet.2021.136346	2023-01-28	0304-3940	NA	2022-01	78	136346	10.1016	Elsevier BV	1	Crossref	67	67	0	Effect of transcranial direct current stimulation in addition to visuomotor training on choice reaction time and cognition function in amateur soccer players (FAST trial): A randomized control trial	journal-article	http://dx.doi.org/10.1016/j.neulet.2021.136346	766	NA	http://dx.doi.org/10.1016/elsevier_cm_policy	en	Neuroscience Letters	NA	NA	NA	NA	NA	Eduardo de Moura Neto, Edilaine Aparecida da Silva, Hélio Rubens de Carvalho Nunes, Rodrigo Bazan, Luciane Aparecida Pascucci Sande de Souza, Gustavo José Luvizutto	2022	0	5.9	0.745	B1
Medicina (Ribeirão Preto)	2016-09-08	2022-02-05	NA	10.11606/issn.2176-7262.v49i3p223-231	2022-04-03	2176-7262,0076-6046	3	2016-06-08	4873	223-231	10.11606	Universidade de Sao Paulo, Agencia USP de Gestao da Informacao Academica (AGUIA)	1	Crossref	0	0	0	Effects of a multisensory supervised training for six weeks in balance and quality of life of the elderly	journal-article	http://dx.doi.org/10.11606/issn.2176-7262.v49i3p223-231	49	2016-06-08	NA	NA	Medicina (Ribeirão Preto)	NA	NA	NA	NA	NA	Lara A. Souza, Adriano B. Fernandes, Lislei J. Patrizzi, Isabel A.P. Walsh, Suraya G. N. Shimano	2016	0	0.1	0.115	A3
Motriz: Revista de Educação Física	2021-12-17	2021-12-17	NA	10.1590/s1980-657420220012321	2022-04-06	1980-6574	spe1	2022	530	NA	10.1590	FapUNIFESP (SciELO)	1	Crossref	41	41	0	Effects of combined exercise on salivary oxidative stress in hypertensive and normotensive postmenopausal women	journal-article	http://dx.doi.org/10.1590/s1980-657420220012321	28	2022	NA	NA	Motriz: rev. educ. fis.	NA	NA	NA	NA	NA	Ana Luiza Amaral, Igor Moraes Mariano, Jéssica Sanjulião Giolo, Juliene Gonçalves Costa Dechichi, Adriele Vieira de Souza, Jaqueline Pontes Batista, Tállita Cristina Ferreira de Souza, Douglas Carvalho Caixeta, Leonardo Gomes Peixoto, Renata Roland Teixeira, Foued Salmen Espindola, Guilherme Morais Puga	2022	0	NA	0.199	B1
Lasers in Medical Science	2022-03-02	2022-08-01	2022-08	10.1007/s10103-022-03533-z	2022-08-01	1435-604X	6	2022-03-02	297	2655-2665	10.1007	Springer Science and Business Media LLC	1	Crossref	53	53	0	Effects of light-emitting diode therapy on cardiovascular and salivary nitrite responses in postmenopausal women submitted to a single bout of high-intensity interval training	journal-article	http://dx.doi.org/10.1007/s10103-022-03533-z	37	2022-03-02	http://dx.doi.org/10.1007/springer_crossmark_policy	en	Lasers Med Sci	NA	NA	NA	NA	NA	Victor Hugo de Freitas, Igor Moraes Mariano, Ana Luiza Amaral, Mateus Lima Rodrigues, Victor Hugo Vilarinho Carrijo, Guilherme Morais Puga	2022	0	2.9	0.575	A2
Trials	2022-01-17	2022-01-17	2022-12	10.1186/s13063-021-05969-0	2024-05-18	1745-6215	1	2022-01-17	297	NA	10.1186	Springer Science and Business Media LLC	1	Crossref	26	26	5	Effects of the addition of transcutaneous electrical stimulation to non-pharmacological measures in labor pain: study protocol for a randomized controlled trial	journal-article	http://dx.doi.org/10.1186/s13063-021-05969-0	23	2022-01-17	http://dx.doi.org/10.1007/springer_crossmark_policy	en	Trials	NA	NA	NA	NA	NA	Naiara Toledo Dias, Patrícia Roberta Santos, Thais Alves Cândido, Rogério de Melo Costa Pinto, Ana Paula Magalhães Resende, Vanessa Santos Pereira-Baldon	2022	0	3.6	0.812	B1
Trials	2020-11-19	2020-11-19	2020-12	10.1186/s13063-020-04856-4	2023-09-16	1745-6215	1	2020-11-19	297	NA	10.1186	Springer Science and Business Media LLC	1	Crossref	33	33	1	Effects of tibial and parasacral nerve electrostimulation techniques on women with poststroke overactive bladder: study protocol for a randomized controlled trial	journal-article	http://dx.doi.org/10.1186/s13063-020-04856-4	21	2020-11-19	http://dx.doi.org/10.1007/springer_crossmark_policy	en	Trials	NA	NA	NA	NA	NA	Thais Alves Candido, Bruna Miranda Ribeiro, Cristiane Rodrigues Cardoso de Araújo, Rogério de Melo Costa Pinto, Ana Paula Magalhães Resende, Vanessa Santos Pereira-Baldon	2020	0	3.6	0.812	B1
Contemporary Clinical Trials	2021-04-05	2023-04-15	2021-06	10.1016/j.cct.2021.106396	2023-07-04	1551-7144	NA	2021-06	78	106396	10.1016	Elsevier BV	1	Crossref	43	43	2	Effects of transcranial direct current stimulation on balance after ischemic stroke (SANDE trial): Study protocol for a multicentric randomized controlled trial	journal-article	http://dx.doi.org/10.1016/j.cct.2021.106396	105	NA	http://dx.doi.org/10.1016/elsevier_cm_policy	en	Contemporary Clinical Trials	NA	NA	NA	NA	NA	Tatiane de Jesus Chagas, Igor Sandoval dos Santos Cravo, Rodrigo Bazan, Luciane Aparecida Pascucci Sande de Souza, Gustavo José Luvizutto	2021	0	3.2	0.98	B1
Arquivos de Neuro-Psiquiatria	2018-11-22	2019-11-05	NA	10.1590/0004-282x20180104	2024-04-02	1678-4227,0004-282X	10	2018-10	530	654-662	10.1590	FapUNIFESP (SciELO)	1	Crossref	43	43	9	Effects of virtual reality therapy on upper limb function after stroke and the role of neuroimaging as a predictor of a better response	journal-article	http://dx.doi.org/10.1590/0004-282x20180104	76	2018-10	NA	NA	Arq. Neuro-Psiquiatr.	NA	NA	NA	NA	NA	Maicon Gabriel Gonçalves, Mariana Floriano Luiza Piva, Carlos Leonardo Sacomani Marques, Rafael Dalle Molle da Costa, Rodrigo Bazan, Gustavo José Luvizutto, Luiz Eduardo Gomes Garcia Betting	2018	0	2.1	0.341	B2
Arquivos de Neuro-Psiquiatria	2019-06-08	2020-02-07	NA	10.1590/0004-282x20190045	2023-10-28	1678-4227,0004-282X	5	2019-05	530	315-320	10.1590	FapUNIFESP (SciELO)	1	Crossref	17	17	2	Embolic stroke of undetermined source (ESUS) cohort of Brazilian patients in a university hospital	journal-article	http://dx.doi.org/10.1590/0004-282x20190045	77	2019-05	NA	NA	Arq. Neuro-Psiquiatr.	NA	NA	NA	NA	NA	Gabriel Pinheiro Modolo, Juli Thomaz De Souza, Fernanda Cristina Winckler, Natalia Cristina Ferreira, Marcos Cristiano Lange, Wagner Mauad Avelar, Marcos Ferreira Minicucci, Carlos Clayton Macedo de Freitas, Paula Schmidt Azevedo, Gustavo José Luvizutto, Leonardo Antônio Mamede Zornoff, Silméia Garcia Zanati Bazan, Rodrigo Bazan	2019	0	2.1	0.341	B2
Revista Brasileira de Oftalmologia	2017-09-28	2021-06-02	2017	10.5935/0034-7280.20170053	2023-11-01	0034-7280	5	2017	23200	NA	10.37039	Revista Brasileira de Oftalmologia	1	Crossref	0	0	3	Evaluation of socioeconomic profile, professional training and health status of people with visual impairment	journal-article	http://dx.doi.org/10.5935/0034-7280.20170053	76	NA	NA	en	NA	NA	NA	NA	NA	NA	Débora Garcia Oliveira, Suraya Gomes Novais Shimano, Angélica Emboaba Salomão, Karina Pereira	2017	0	0.3	0.146	B2
Arquivos de Neuro-Psiquiatria	2021-11-22	2021-11-22	NA	10.1590/0004-282x-anp-2020-0584	2023-08-17	1678-4227,0004-282X	11	2021-11	530	1026-1034	10.1590	FapUNIFESP (SciELO)	1	Crossref	33	33	1	Evaluation of subjective vertical perception among stroke patients: a systematic review	journal-article	http://dx.doi.org/10.1590/0004-282x-anp-2020-0584	79	2021-11	NA	NA	Arq. Neuro-Psiquiatr.	NA	NA	NA	NA	NA	Luana Ribeiro Ferreira, Flávio José Pereira De Almeida Ferreira, Fernanda Aparecida Campos, Gustavo José Luvizutto, Luciane Aparecida Pascucci Sande De Souza	2021	0	2.1	0.341	B2
Research, Society and Development	2022-10-22	2022-10-22	NA	10.33448/rsd-v11i14.36060	2022-10-23	2525-3409	14	2022-10-20	19099	e94111436060	10.33448	Research, Society and Development	1	Crossref	0	0	0	Exercício físico para deficientes visuais: Uma revisão integrativa dos protocolos de treinamento	journal-article	http://dx.doi.org/10.33448/rsd-v11i14.36060	11	2022-10-20	NA	NA	RSD	NA	NA	NA	NA	NA	José Humberto Alves, Maria Eduarda Felipe, Nuno Miguel Lopes de Oliveira	2022	0	NA	NA	C
ConScientiae Saúde	2017-03-06	2024-05-09	NA	10.5585/conssaude.v15n3.6338	2024-05-09	1983-9324,1677-1028	3	2017-01-23	3664	378-384	10.5585	University Nove de Julho	1	Crossref	0	0	2	Exercícios físicos, mobilidade funcional, equilíbrio, capacidade funcional e quedas em idosos.	journal-article	http://dx.doi.org/10.5585/conssaude.v15n3.6338	15	2017-01-23	NA	NA	Cons. Saúde	NA	NA	NA	NA	NA	Marilita Falangola Accioly, Lislei Jorge Patrizzi, Patricia Sena Pinheiro, Dernival Bertoncello, Isabel Aparecida Porcatti Walsh	2017	0	NA	NA	B2
Journal of Population Ageing	2022-07-14	2022-11-08	2022-09	10.1007/s12062-022-09376-4	2024-01-23	1874-7884,1874-7876	3	2022-07-14	297	677-690	10.1007	Springer Science and Business Media LLC	1	Crossref	43	43	2	Factors related to the accumulation of healthy behavior among older adults attending primary Health Care	journal-article	http://dx.doi.org/10.1007/s12062-022-09376-4	15	2022-07-14	http://dx.doi.org/10.1007/springer_crossmark_policy	en	Population Ageing	NA	NA	NA	NA	NA	Ana Paula Gomes Fernandes, Veronica Ribeiro Cardoso, Kamila Cristina dos Santos, Mariane Martins Migliaccio, Juliana Martins Pinto	2022	0	2.6	0.488	A2
ConScientiae Saúde	2018-09-12	2024-05-09	NA	10.5585/conssaude.v17n2.8071	2024-05-10	1983-9324,1677-1028	2	2018-06-29	3664	179-186	10.5585	University Nove de Julho	1	Crossref	0	0	0	Flexibilidade e força muscular: comparações entre trabalhadores da construção civil, indivíduos sedentários e praticantes de musculação.	journal-article	http://dx.doi.org/10.5585/conssaude.v17n2.8071	17	2018-06-29	NA	NA	Cons. Saúde	NA	NA	NA	NA	NA	Gustavo De Mello Rodrigues, Fabio Sisconeto de Freitas, Lidiana Simões Marques Rocha, Dernival Bertoncello	2018	0	NA	NA	B2
Revista Brasileira de Educação Especial	2016-08-10	2020-09-25	2016-09	10.1590/s1413-65382216000300007	2022-04-03	1413-6538	3	2016-09	530	399-412	10.1590	FapUNIFESP (SciELO)	1	Crossref	52	52	1	Frequência de Ações Motoras em Crianças com Baixa Visão e Visão Normal ao Explorar Cubos com e sem Estímulos Visuais	journal-article	http://dx.doi.org/10.1590/s1413-65382216000300007	22	NA	NA	NA	Rev. bras. educ. espec.	NA	NA	NA	NA	NA	Beatriz Dittrich SCHMITT, Karina PEREIRA	2016	0	0.7	0.15	A1
Revista Família, Ciclos de Vida e Saúde no Contexto Social	2021-03-19	2021-03-19	NA	10.18554/refacs.v9i0.4189	2023-12-19	2318-8413,2318-8413	NA	2021-03-09	7811	300	10.18554	Universidade Federal do Triangulo Minero	1	Crossref	0	0	1	Frequência e duração das ações manipulativas no ato de brincar com cubos em crianças com baixa visão	journal-article	http://dx.doi.org/10.18554/refacs.v9i0.4189	9	2021-03-09	NA	NA	REFACS	NA	NA	NA	NA	NA	Nathalia Quintino Pereira Silva, Caroline De Oliveira, Paula Berteli Berteli Pelizaro, Karina Pereira	2021	0	NA	NA	B2
Journal of Motor Behavior	2021-07-08	2023-11-05	2022-03-04	10.1080/00222895.2021.1940820	2023-11-06	0022-2895,1940-1027	2	2021-07-08	301	203-211	10.1080	Informa UK Limited	1	Crossref	53	53	0	Gamma-Band Frequency Analysis and Motor Development in Music-Trained Children: A Cross-Sectional Study	journal-article	http://dx.doi.org/10.1080/00222895.2021.1940820	54	2021-07-08	http://dx.doi.org/10.1080/tandf_crossmark_01	en	Journal of Motor Behavior	NA	NA	NA	NA	NA	Kemily Souza da Silva, Gustavo José Luvizutto, Ana Caroline Magrini Bruno, Sabrina Ferreira de Oliveira, Samila Carolina Costa, Gustavo Moreira da Silva, Mário Jaime Costa Andrade, Janser Moura Pereira, Adriano Oliveira Andrade, Luciane Ap. Pasccuci Sande de Souza	2021	0	2.7	0.441	A4
Journal of Bodywork and Movement Therapies	2021-05-18	2023-03-29	2021-07	10.1016/j.jbmt.2021.05.018	2023-04-25	1360-8592	NA	2021-07	78	710-716	10.1016	Elsevier BV	1	Crossref	49	49	2	Hip abduction with ankle dorsiflexion (HAAD) score and trunk seating control within 72 h after stroke predicts long-term disability: A cohort study	journal-article	http://dx.doi.org/10.1016/j.jbmt.2021.05.018	27	NA	http://dx.doi.org/10.1016/elsevier_cm_policy	en	Journal of Bodywork and Movement Therapies	NA	NA	NA	NA	NA	Tarcísio Silva Coelho, Ana Carolina Silva Bitencourt, Rodrigo Bazan, Luciana Aparecida Pascucci Sande de Souza, Gustavo José Luvizutto	2021	0	2.5	0.48	A2
Saúde em Debate	2021-10-21	2023-11-11	NA	10.1590/0103-1104202113009	2023-11-12	2358-2898,0103-1104	130	2021-09	530	681-690	10.1590	FapUNIFESP (SciELO)	1	Crossref	26	26	0	Histórico familiar para câncer de mama em mulheres: estudo populacional em Uberaba (MG) utilizando o Family History Screen-7	journal-article	http://dx.doi.org/10.1590/0103-1104202113009	45	2021-09	NA	NA	Saúde debate	NA	NA	NA	NA	NA	Mariana Colombini Buranello, Isabel Aparecida Porcatti de Walsh, Gilberto de Araújo Pereira, Shamyr Sulyvan de Castro	2021	0	NA	NA	A4
Brazilian Journal of Case Reports	2021-10-15	2021-10-15	NA	10.52600/2763-583x.bjcr.2021.1.4.50-56	2022-03-30	2763-583X	4	2021-10-15	30343	50-56	10.52600	Publicacoes Cientificas de Acesso Aberto e Editora LTDA	1	Crossref	0	0	0	Immediate and late acute effect of moderate continuous and high intensity interval training on hypertension stage I: case report	journal-article	http://dx.doi.org/10.52600/2763-583x.bjcr.2021.1.4.50-56	1	2021-10-15	NA	NA	BJCR	NA	NA	NA	NA	NA	Ana Luísa Freitas Siqueira, Gabriela Souza Faria, Pedro De Oliveira Neto, Maria Paula Fabrício de Andrade, Bruna Pereira Molina Cruz, Denise Mayumi Tanaka, Luciana Duarte Novais Silva, Michel Reis Abdalla, George Kemil Abdalla, Douglas Reis Abdalla, Eduardo Elias Vieira de Carvalho	2021	0	NA	NA	NA
Trials	2019-05-28	2020-05-26	2019-12	10.1186/s13063-019-3328-1	2022-04-02	1745-6215	1	2019-05-28	297	NA	10.1186	Springer Science and Business Media LLC	1	Crossref	48	48	2	Influence of an exercise program on cardiac remodeling and functional capacity in patients with stroke (CRONuS trial): study protocol for a randomized controlled trial	journal-article	http://dx.doi.org/10.1186/s13063-019-3328-1	20	2019-05-28	http://dx.doi.org/10.1007/springer_crossmark_policy	en	Trials	NA	NA	NA	NA	NA	Josiela Cristina da Silva Rodrigues, Gustavo José Luvizutto, Rafael Dalle Molle da Costa, Robson Aparecido Prudente, Taís Regina da Silva, Juli Thomaz de Souza, Caroline Ferreira da Silva Mazeto P da Silveira, Daniele Andreza Antonelli Rossi, Fernanda Cristina Winckler, Gabriel Pinheiro Modolo, Tainá Fabri Carneiro Valadão, Letícia Cláudia de Oliveira Antunes, Luis Cuadrado Martin, Rodrigo Bazan, Silméia Garcia Zanati Bazan	2019	0	3.6	0.812	B1
Research, Society and Development	2021-12-05	2021-12-05	NA	10.33448/rsd-v10i15.23138	2022-04-02	2525-3409	15	2021-12-02	19099	e498101523138	10.33448	Research, Society and Development	1	Crossref	0	0	0	Influência da atividade física e exercício nas células progenitoras endoteliais em pacientes com insuficiência cardíaca: revisão integrativa da literatura	journal-article	http://dx.doi.org/10.33448/rsd-v10i15.23138	10	2021-12-02	NA	NA	RSD	NA	NA	NA	NA	NA	Eduardo Franco Ribeiro Espir, Ana Clara Gil Pardini, Davi Domingues Costa, Victória Oliveira Bonini, Mariana Peres Soriano, Luiz Fernando Ricardo, Rafael Yukio Maehata, Vinícius Varaldo Prette Queiroz de Sousa, Kaue Luiz Mello Teixeira, Rui Gonzaga Cordeiro de Melo, Michel Reis Abdalla, Eduardo Elias Vieira de Carvalho, Douglas Reis Abdalla	2021	0	NA	NA	C
Saúde e Pesquisa	2022-05-04	2022-05-04	NA	10.17765/2176-9206.2022v15n2.e10411	2022-05-04	2176-9206	2	2022-04-29	7170	1-14	10.17765	Centro Universitario de Maringa	1	Crossref	0	0	0	Intervenção com o método Pilates em trabalhadores com LER/DORT	journal-article	http://dx.doi.org/10.17765/2176-9206.2022v15n2.e10411	15	2022-04-29	NA	NA	SaudPesq	NA	NA	NA	NA	NA	Camila Soares, Patrícia Ribeiro Marcacine, Jéssica Carvalho Lima, Caroline de Oliveira Toffano, Vitória Helena Maciel Coelho, Isabel Aparecida Porcatti de Walsh	2022	0	NA	NA	B1
ConScientiae Saúde	2018-02-21	2024-05-09	NA	10.5585/conssaude.v16n3.7452	2024-05-10	1983-9324,1677-1028	3	2017-12-26	3664	367-374	10.5585	University Nove de Julho	1	Crossref	0	0	0	Irradiação como princípio da FNP em pacientes hemiparéticos pós AVE, análise funcional e eletromiográfica: estudo piloto	journal-article	http://dx.doi.org/10.5585/conssaude.v16n3.7452	16	2017-12-26	NA	NA	Cons. Saúde	NA	NA	NA	NA	NA	Marina Mendonça Emilio, Stella Andrade Rodrigues Campos, Karoline Cipriano Raimundo, Luciane Aparecida Pascucci Sande de Souza	2017	0	NA	NA	B2
Journal of Manual &amp; Manipulative Therapy	2018-05-08	2020-11-01	2018-08-08	10.1080/10669817.2018.1467994	2023-03-19	1066-9817,2042-6186	4	2018-05-07	301	212-217	10.1080	Informa UK Limited	1	Crossref	19	19	3	Is it possible to stabilize the trunk using rhythmic stabilization in the upper limb? A cross-sectional study of asymptomatic individuals	journal-article	http://dx.doi.org/10.1080/10669817.2018.1467994	26	2018-05-07	http://dx.doi.org/10.1080/tandf_crossmark_01	en	Journal of Manual &amp; Manipulative Therapy	NA	NA	NA	NA	NA	Valdeci Carlos Dionisio, Cyntia Rogean de Jesus Alves de Baptista, Adriana de Sales Rodrigues, Luciane Aparecida Pascucci Sande de Souza	2018	0	2.6	0.376	B1
Applied Physiology, Nutrition, and Metabolism	2019-09-09	2020-03-31	2020-04	10.1139/apnm-2019-0409	2022-04-02	1715-5312,1715-5320	4	2020-04	155	362-367	10.1139	Canadian Science Publishing	1	Crossref	36	36	1	Isoflavone does not promote additional effects on heart rate variability of postmenopausal women performing combined exercise training: a clinical, controlled, randomized, double-blind study	journal-article	http://dx.doi.org/10.1139/apnm-2019-0409	45	NA	NA	en	Appl. Physiol. Nutr. Metab.	NA	NA	NA	NA	NA	Igor Moraes Mariano, Victor Hugo de Freitas, Juliene Gonçalves Costa Dechichi, Jaqueline Pontes Batista, Tállita Cristina Ferreira de Souza, Ana Luiza Amaral, Mateus de Lima Rodrigues, Victor Hugo Vilarinho Carrijo, Guilherme Morais Puga	2020	0	5.4	1.01	A3
Nutrients	2020-11-13	2020-11-16	NA	10.3390/nu12113495	2023-11-24	2072-6643	11	2020-11-13	1968	3495	10.3390	MDPI AG	1	Crossref	66	66	3	Isoflavone Supplementation Does Not Potentiate the Effect of Combined Exercise Training on Resting and Ambulatory Blood Pressure in Non-Obese Postmenopausal Women: A Randomized Double-Blind Controlled Trial-A Pilot Study	journal-article	http://dx.doi.org/10.3390/nu12113495	12	2020-11-13	NA	en	Nutrients	NA	NA	NA	NA	NA	Juliene G. C. Dechichi, Igor M. Mariano, Jéssica S. Giolo, Jaqueline P. Batista, Ana Luiza Amaral, Paula A. B. Ribeiro, Erick P. de Oliveira, Guilherme M. Puga	2020	0	9.0	1.301	A1
Research on Biomedical Engineering	2018-02-20	2020-10-28	NA	10.1590/2446-4740.04317	2024-05-02	2446-4740,2446-4732	1	2018-02-15	530	9-18	10.1590	FapUNIFESP (SciELO)	1	Crossref	47	47	3	Kinematic and electromyographic analysis of school children gait with and without load in the backpack	journal-article	http://dx.doi.org/10.1590/2446-4740.04317	34	2018-02-15	NA	NA	Res. Biomed. Eng.	NA	NA	NA	NA	NA	Jéssica Garcia Jorge, Amanda Nascimento de Faria, Daniel Antônio Furtado, Adriano Alves Pereira, Eliane Maria de Carvalho, Valdeci Carlos Dionísio	2018	0	2.3	0.328	A4
Motricidade	2018-05-24	2018-05-25	NA	10.6063/motricidade.10809	2024-06-18	2182-2972,1646-107X	1	2018-05-24	4095	29	10.6063	Desafio Singular, Lda	1	Crossref	0	0	6	Kinematic variables of gait and quality of life in Parkinsonians after different treadmill trainings: a randomized control trial	journal-article	http://dx.doi.org/10.6063/motricidade.10809	14	2018-05-24	NA	NA	motricidade	NA	NA	NA	NA	NA	Maira Peloggia Cursino, Doralice Fernanda Raquel, Camilla Zamfolini Hallal, Flávia Roberta Faganello Navega	2018	0	0.5	0.212	B1
Frontiers in Physiology	2018-11-20	2022-09-06	NA	10.3389/fphys.2018.01632	2022-10-21	1664-042X	NA	2018-11-20	1965	NA	10.3389	Frontiers Media SA	1	Crossref	39	39	3	Leucine Supplementation Improves Effort Tolerance of Rats With Hyperthyroidism	journal-article	http://dx.doi.org/10.3389/fphys.2018.01632	9	2018-11-20	http://dx.doi.org/10.3389/crossmark-policy	NA	Front. Physiol.	NA	NA	NA	NA	NA	Thiago Montes Fidale, Hanna Karen Moreira Antunes, Leonardo Roever, Alexandre Gonçalves, Guilherme Morais Puga, Romeu Paulo Martins Silva, Fernando Nazário de Resende, Fernanda Rodrigues de Souza, Beatriz Montes Fidale, Frederico Balbino Lizardo, Elmiro Santos Resende	2018	0	6.1	1.006	A2
Motricidade	2017-11-08	2017-11-08	NA	10.6063/motricidade.7895	2022-03-31	2182-2972,1646-107X	2	2017-11-08	4095	18	10.6063	Desafio Singular, Lda	1	Crossref	0	0	0	Life Comparison of kinematic variables of gait on a treadmill and on soil of individuals with Parkinson's disease	journal-article	http://dx.doi.org/10.6063/motricidade.7895	13	2017-11-08	NA	NA	motricidade	NA	NA	NA	NA	NA	Késia Maísa Amaral-Felipe, Patrícia De Aguiar Yamada, Maira Peloggia Cursino, Bárbara Fernandes Rodrigues, Camilla Zamfolini Hallal, Flávia Roberta Faganello-Navega	2017	0	0.5	0.212	B1
Anais Brasileiros de Dermatologia	2017-07-26	2017-10-11	2017-06	10.1590/abd1806-4841.20175216	2023-03-25	0365-0596	3	2017-06	530	335-339	10.1590	FapUNIFESP (SciELO)	1	Crossref	0	0	7	Limitation of activity and restriction of social participation in relation to age range, gender, and education in people with leprosy	journal-article	http://dx.doi.org/10.1590/abd1806-4841.20175216	92	NA	NA	NA	An. Bras. Dermatol.	NA	NA	NA	NA	NA	Bianca Manzan Reis, Shamyr Sulyvan de Castro, Luciane Fernanda Rodrigues Martinho Fernandes	2017	0	2.4	0.429	B2
Fisioterapia e Pesquisa	2020-08-01	2021-01-23	NA	10.1590/1809-2950/19016727022020	2023-12-30	2316-9117,1809-2950	2	2020-06	530	180-187	10.1590	FapUNIFESP (SciELO)	1	Crossref	36	36	4	Main prognostic factors and physical therapy modalities associated with functional recovery in patients with peripheral facial paralysis	journal-article	http://dx.doi.org/10.1590/1809-2950/19016727022020	27	2020-06	NA	NA	Fisioter. Pesqui.	NA	NA	NA	NA	NA	Angela Juliana Cappeli, Hélio Rubens de Carvalho Nunes, Mônica de Oliveira Orsi Gameiro, Rodrigo Bazan, Gustavo José Luvizutto	2020	0	NA	NA	B1
Research, Society and Development	2022-12-02	2022-12-02	NA	10.33448/rsd-v11i16.37601	2022-12-03	2525-3409	16	2022-11-29	19099	e59111637601	10.33448	Research, Society and Development	1	Crossref	0	0	0	Não há relação das medidas angulares de quadril, tornozelo e pé com desvio medial do fêmur no plano frontal em atletas de futebol masculino profissional	journal-article	http://dx.doi.org/10.33448/rsd-v11i16.37601	11	2022-11-29	NA	NA	RSD	NA	NA	NA	NA	NA	Diego Brenner Ribeiro, Gustavo de Mello Rodrigues, Denise Martineli Rossi, Dernival Bertoncello	2022	0	NA	NA	C
Neurology India	2023-08-24	2024-02-21	2022	10.4103/0028-3886.349656	2024-02-22	0028-3886	3	2022	2581	1170	10.4103	Medknow	1	Crossref	34	34	1	Needle Electromyography in the Acute Phase of Stroke: Correlation With Severity and Muscle Strength: Preliminary Findings	journal-article	http://dx.doi.org/10.4103/0028-3886.349656	70	NA	NA	en	Neurol India	NA	NA	NA	NA	NA	GustavoJosé Luvizutto, AnaCarolina Silva Bitencourt, ThiagoDias Fernandes, Rodrigo Bazan	2022	0	1.6	0.289	B2
Hearing, Balance and Communication	2022-04-29	2023-11-20	2022-04-03	10.1080/21695717.2022.2061689	2023-11-21	2169-5717,2169-5725	2	2022-04-03	301	120-128	10.1080	Informa UK Limited	1	Crossref	45	45	1	Normative data for the numeric vertical line test: a comparison of verticality accuracy at different life stages and with different verticality measures	journal-article	http://dx.doi.org/10.1080/21695717.2022.2061689	20	2022-04-29	http://dx.doi.org/10.1080/tandf_crossmark_01	en	Hearing, Balance and Communication	NA	NA	NA	NA	NA	Gabrielly Fernanda Silva, Monalisa Resende Nascimento, Pablo Andrei Appelt, Rodrigo Bazan, Luciane Aparecida Pascucci Sande de Souza, Gustavo José Luvizutto	2022	0	1.1	0.211	B1
CADERNOS DE EDUCAÇÃO, SAÚDE E FISIOTERAPIA	2021-12-17	2023-10-02	NA	10.18310/2358-8306.v7n14.a2	2023-10-03	2358-8306	14	2020-09-14	7653	NA	10.18310	Associacao Brasileira da Rede Unida	1	Crossref	0	0	0	NOTIFICAÇÃO COMPULSÓRIA DE AGRAVOS EM SAÚDE DO TRABALHADOR: AVALIANDO A SUBNOTIFICAÇÃO	journal-article	http://dx.doi.org/10.18310/2358-8306.v7n14.a2	7	2020-09-14	NA	NA	Cad Edu Saude e Fis	NA	NA	NA	NA	NA	Anna Neri Batista da Silva, Lourdes Auxiliadora de Oliveira, Jessica Carvalho Lima, Patricia Ribeiro Marcacine, Ana Carolina Silva Ribeiro, Gabriela Rodrigues, Isabel Aparecida Porcatti de Walsh	2020	0	NA	NA	B2
Research, Society and Development	2022-11-06	2022-11-06	NA	10.33448/rsd-v11i14.36608	2022-11-07	2525-3409	14	2022-11-06	19099	e564111436608	10.33448	Research, Society and Development	1	Crossref	0	0	0	Obesidade infantil e transtornos das habilidades motoras: Revisão de escopo	journal-article	http://dx.doi.org/10.33448/rsd-v11i14.36608	11	2022-11-06	NA	NA	RSD	NA	NA	NA	NA	NA	Verônica da Silva Carvalho, Isabella Polo Monteiro, Igor de Oliveira Loss, Nuno Miguel Lopes de Oliveira, Elaine Leonezi Guimarães	2022	0	NA	NA	C
Obesity Research &amp; Clinical Practice	2021-06-11	2021-07-12	2021-07	10.1016/j.orcp.2021.06.002	2022-04-01	1871-403X	4	2021-07	78	409-411	10.1016	Elsevier BV	1	Crossref	10	10	0	Obesity and pelvic floor muscle function in young nulligravid: a cross-sectional study	journal-article	http://dx.doi.org/10.1016/j.orcp.2021.06.002	15	NA	http://dx.doi.org/10.1016/elsevier_cm_policy	en	Obesity Research &amp; Clinical Practice	NA	NA	NA	NA	NA	Mariana Arias Avila, Jordana Barbosa da Silva, Humberto Sadanobu Hirakawa, Vanessa dos Santos Pereira-Baldon, Patricia Driusso	2021	0	5.7	0.988	A4
Journal of Physical Education	2017-06-14	2017-06-14	NA	10.4025/jphyseduc.v28i1.2827	2022-09-30	2448-2455	1	2017	2451	NA	10.4025	Universidade Estadual de Maringa	1	Crossref	0	0	3	OVERWEIGHT AND BALANCE IN SCHOOLCHILDREN: A CASE-CONTROL  STUDY	journal-article	http://dx.doi.org/10.4025/jphyseduc.v28i1.2827	28	2017	NA	NA	J Phys Educ	NA	NA	NA	NA	NA	Lukas de Paula Cardoso, Karina Pereira, Dernival Bertoncello, Shamyr Sulyvan de Castro, Luiza Lara Moreira Fonseca, Isabel Aparecida Porcatti de Walsh	2017	0	0.7	0.226	B1
CADERNOS DE EDUCAÇÃO, SAÚDE E FISIOTERAPIA	2020-07-29	2023-10-02	NA	10.18310/2358-8306.v7n13.a11	2023-10-03	2358-8306	13	2020-07-18	7653	NA	10.18310	Associacao Brasileira da Rede Unida	1	Crossref	0	0	0	PAPEL DO FISIOTERAPEUTA NO ENVELHECIMENTO ATIVO	journal-article	http://dx.doi.org/10.18310/2358-8306.v7n13.a11	7	2020-07-18	NA	NA	Cad Edu Saude e Fis	NA	NA	NA	NA	NA	Gabriela Carvalho Leão, Jhonatan Carlos Terencio Ribeiro, Angelo Piva Biagini, Carlos Fernando Ronchi, Edneia De Oliveira Salum, Marilita Falangola Accioly, Isabel Aparecida Porcatti de Walsh	2020	0	NA	NA	B2
Revista Brasileira de Cineantropometria &amp; Desempenho Humano	2021-12-06	2021-12-06	NA	10.1590/1980-0037.2021v23e83295	2022-04-05	1980-0037,1415-8426	NA	2021	530	NA	10.1590	FapUNIFESP (SciELO)	1	Crossref	30	30	0	Parasympathetic modulation during sleep time is reduced after maximal exercise, correlated with aerobic fitness in young women	journal-article	http://dx.doi.org/10.1590/1980-0037.2021v23e83295	23	2021	NA	NA	Rev. bras. cineantropom. desempenho hum.	NA	NA	NA	NA	NA	Gabriel Kolesny Tricot, Jaqueline Alves Araújo, Fabiula Isoton Novelli, Guilherme Morais Puga, Gisela Arsa, Lucieli Teresa Cambri	2021	0	1.3	0.274	B1
Climacteric	2018-04-11	2022-08-18	2018-09-03	10.1080/13697137.2018.1453493	2024-05-07	1369-7137,1473-0804	5	2018-04-11	301	462-466	10.1080	Informa UK Limited	1	Crossref	29	29	18	Pelvic floor muscle function and EMG in nulliparous women of different ages: a cross-sectional study	journal-article	http://dx.doi.org/10.1080/13697137.2018.1453493	21	2018-04-11	http://dx.doi.org/10.1080/tandf_crossmark_01	en	Climacteric	NA	NA	NA	NA	NA	D. A. S. Bocardi, V. S. Pereira-Baldon, C. H. J. Ferreira, M. A. Avila, A. C. S. Beleza, P. Driusso	2018	0	5.8	0.801	A2
Revista Família, Ciclos de Vida e Saúde no Contexto Social	2020-03-04	2020-03-04	NA	10.18554/refacs.v8i2.4324	2022-04-07	2318-8413,2318-8413	2	2020-03-03	7811	200	10.18554	Universidade Federal do Triangulo Minero	1	Crossref	0	0	0	Perfil epidemiológico de Mães trabalhadoras	journal-article	http://dx.doi.org/10.18554/refacs.v8i2.4324	8	2020-03-03	NA	NA	REFACS	NA	NA	NA	NA	NA	Edneia De Oliveira Salum, Jéssica Carvalho Lima, Patrícia Ribeiro Marcacine, Henrique Porcatti Walsh, Shamyr Sulyvan de Castro, Isabel Aparecida Porcatti de Walsh	2020	0	NA	NA	B2
Revista Família, Ciclos de Vida e Saúde no Contexto Social	2020-03-04	2020-03-04	NA	10.18554/refacs.v8i2.4297	2022-03-31	2318-8413,2318-8413	2	2020-03-03	7811	177	10.18554	Universidade Federal do Triangulo Minero	1	Crossref	0	0	0	Perfil sociodemográfico, morbidades referidas, bem-estar e trabalho remunerado de mulheres: estudo populacional	journal-article	http://dx.doi.org/10.18554/refacs.v8i2.4297	8	2020-03-03	NA	NA	REFACS	NA	NA	NA	NA	NA	Marina Mendonça Emílio, Jéssica Carvalho Lima, Vitoria Helena Maciel Coelho, Lislei Jorge Patrizzi Martins, Shamyr Sulyvan de Castro, Isabel Aparecida Porcatti de Walsh	2020	0	NA	NA	B2
Brazilian Journal of Development	2020-08-05	2020-08-05	2020	10.34117/bjdv6n7-291	2022-04-03	2525-8761,2525-8761	7	2020	20063	46042-46061	10.34117	Brazilian Journal of Development	1	Crossref	0	0	0	Perfil, sinais e sintomas de trabalhadores com LER/DORT de Minas Gerais Notificações de LER/DORT no estado de Minas Gerais	journal-article	http://dx.doi.org/10.34117/bjdv6n7-291	6	2020	NA	NA	BJD	NA	NA	NA	NA	NA	Jéssica Carvalho Lima, Patrícia Ribeiro Marcacine, Edneia de Oliveira Salum, Gabriela Souza Faria, Camila Soares, Anna Neri Batista da Silva, Vitoria Helena Maciel Coelho, Isabel Aparecida Porcatti de Walsh	2020	0	NA	NA	C
Fisioterapia e Pesquisa	2019-09-14	2022-09-28	NA	10.1590/1809-2950/18037226032019	2024-02-21	2316-9117,1809-2950	3	2019-09	530	311-321	10.1590	FapUNIFESP (SciELO)	1	Crossref	35	35	8	Physical therapy in patients with Alzheimer’s disease: a systematic review of randomized controlled clinical trials	journal-article	http://dx.doi.org/10.1590/1809-2950/18037226032019	26	2019-09	NA	NA	Fisioter. Pesqui.	NA	NA	NA	NA	NA	Carlos Leonardo Sacomani Marques, Maria Helena Borgato, Eduardo de Moura Neto, Rodrigo Bazan, Gustavo José Luvizutto	2019	0	NA	NA	B1
Physiotherapy Theory and Practice	2022-04-13	2023-09-13	2023-10-03	10.1080/09593985.2022.2063771	2023-09-14	0959-3985,1532-5040	10	2022-04-12	301	2223-2233	10.1080	Informa UK Limited	1	Crossref	57	57	0	Physical therapy management of an athlete with a Kim lesion using physical agents, manual therapy, and therapeutic exercise: a case report	journal-article	http://dx.doi.org/10.1080/09593985.2022.2063771	39	2022-04-12	http://dx.doi.org/10.1080/tandf_crossmark_01	en	Physiotherapy Theory and Practice	NA	NA	NA	NA	NA	Daiani Zanelato França, Mariana Viana Santos, Erica Leal Marcelino, Daniel Ferreira Moreira Lobato	2022	0	3.1	0.561	A4
Revista Família, Ciclos de Vida e Saúde no Contexto Social	2020-03-04	2020-03-04	NA	10.18554/refacs.v8i2.4330	2022-04-06	2318-8413,2318-8413	2	2020-03-03	7811	249	10.18554	Universidade Federal do Triangulo Minero	1	Crossref	0	0	0	Planejamento estratégico situacional em saúde: abordagem da saúde do trabalhador na Estratégia Saúde da Família	journal-article	http://dx.doi.org/10.18554/refacs.v8i2.4330	8	2020-03-03	NA	NA	REFACS	NA	NA	NA	NA	NA	Fernanda Carolina Camargo, Gabriela Gonçalves Machado, Jéssica Carvalho Lima, Luana Rodrigues Rosseto Felipe, Gabriela Souza Faria, Ana Laura Nogueira, Sandra Cristina Romano Marquez Reis, Isabel Aparecida Porcatti de Walsh	2020	0	NA	NA	B2
CADERNOS DE EDUCAÇÃO, SAÚDE E FISIOTERAPIA	2021-12-17	2023-10-02	NA	10.18310/2358-8306.v7n14.a1	2023-10-03	2358-8306	14	2020-09-14	7653	NA	10.18310	Associacao Brasileira da Rede Unida	1	Crossref	0	0	0	POLÍTICA NACIONAL DE PROMOÇÃO DE SAÚDE E POLÍTICA NACIONAL DO ESPORTE: UM VÍNCULO NECESSÁRIO	journal-article	http://dx.doi.org/10.18310/2358-8306.v7n14.a1	7	2020-09-14	NA	NA	Cad Edu Saude e Fis	NA	NA	NA	NA	NA	Agnes Ramos Guirelli, Ana Luiza Costa e Silva Cabral, Edneia De Oliveira Salum, Marilita Falangola Accioly, Adele Ferreira dos Santos, Dernival Bertoncello, Isabel Aparecida Porcatti de Walsh	2020	0	NA	NA	B2
Ciência &amp; Saúde Coletiva	2018-08-15	2022-08-29	NA	10.1590/1413-81232018238.14762016	2023-12-12	1678-4561,1413-8123	8	2018-08	530	2661-2670	10.1590	FapUNIFESP (SciELO)	1	Crossref	31	31	10	Prática de exames de rastreio para câncer de mama e fatores associados – Inquérito de Saúde da Mulher em Uberaba MG, Brasil, 2014	journal-article	http://dx.doi.org/10.1590/1413-81232018238.14762016	23	2018-08	NA	NA	Ciênc. saúde coletiva	NA	NA	NA	NA	NA	Mariana Colombini Buranello, Maria Cristina Cortez Carneiro Meirelles, Isabel Aparecida Porcatti de Walsh, Gilberto de Araujo Pereira, Shamyr Sulyvan de Castro	2018	0	2.8	NA	A1
The Journal of Sexual Medicine	2022-08-03	2023-04-14	2022-10-01	10.1016/j.jsxm.2022.06.019	2024-05-20	1743-6109,1743-6095	10	2022-08-02	286	1546-1552	10.1093	Oxford University Press (OUP)	1	Crossref	43	43	2	Predictive Factors for the Risk of Sexual Dysfunction in Climacteric Women: Population-based Study	journal-article	http://dx.doi.org/10.1016/j.jsxm.2022.06.019	19	2022-08-02	http://dx.doi.org/10.1016/elsevier_cm_policy	en	NA	NA	NA	NA	NA	NA	Sandra Cristina Romano Marquez Reis, Juliana Martins Pinto, Isabel Aparecida Porcatti de Walsh, Shamyr Sulyvan de Castro, Maria Cristina Cortez Carneiro Meirelles, Vanessa Santos Pereira-Baldon	2022	0	6.0	0.839	A1
Jornal Vascular Brasileiro	2021-09-29	2023-01-10	NA	10.1590/1677-5449.200242	2023-01-11	1677-7301,1677-5449	NA	2021	530	NA	10.1590	FapUNIFESP (SciELO)	1	Crossref	24	24	0	Presentation of cerebral and cervical arterial dissections in Botucatu, Brazil: case series	journal-article	http://dx.doi.org/10.1590/1677-5449.200242	20	2021	NA	NA	J. vasc. bras.	NA	NA	NA	NA	NA	Gabriel Pinheiro Modolo, Elaine Keiko Fujisao, Niura Aparecida de Moura Ribeiro Padula, Felipe Aranibar Soares da Silva, Gustavo José Luvizutto, Marcone Lima Sobreira, Rodrigo Bazan, Carlos Clayton Macedo de Freitas	2021	0	1.3	0.189	B3
The Brazilian Journal of Infectious Diseases	2022-02-10	2023-11-24	2022-01	10.1016/j.bjid.2021.102068	2023-11-25	1413-8670	NA	2022-01	78	102068	10.1016	Elsevier BV	1	Crossref	0	0	0	REALIZAÇÃO DE SOROLOGIA PAREADA PARA COVID-19 EM PUÉRPERAS E RECÉM-NASCIDOS NO MOMENTO DA TRIAGEM NEONATAL	journal-article	http://dx.doi.org/10.1016/j.bjid.2021.102068	26	NA	http://dx.doi.org/10.1016/elsevier_cm_policy	en	The Brazilian Journal of Infectious Diseases	NA	NA	NA	NA	NA	Gabriela Soutto Mayor Assumpção Pinheiro, Aline Almeida Bentes, Claudia Regina Lindgren Alves, Vivian M.G.O. Azevedo, Stela Maris Aguiar Lemos, Mila Lemos Cintra, Gabriela Cintra Januário, Jose Nelio Januario, Isadora de Araújo Martins, Juliana Wilke Saliba, Ana Beatriz Araújo de Souza, Laura Gregório Pires, Gabriela Lousado Mesquita	2022	0	4.6	0.594	B1
Journal of Nuclear Medicine	2018-04-26	2021-05-17	2018-09	10.2967/jnumed.117.205450	2024-05-28	0161-5505,2159-662X	9	2018-04-26	1602	1430-1436	10.2967	Society of Nuclear Medicine	1	Crossref	38	38	15	Regional Myocardial Perfusion Disturbance in Experimental Chronic Chagas Cardiomyopathy	journal-article	http://dx.doi.org/10.2967/jnumed.117.205450	59	2018-04-26	NA	en	J Nucl Med	NA	NA	NA	NA	NA	Luciano Fonseca Lemos de Oliveira, James T. Thackeray, José Antônio Marin Neto, Minna Moreira Dias Romano, Eduardo Elias Vieira de Carvalho, Jorge Mejia, Denise Mayumi Tanaka, Grace Kelly da Silva, Douglas Reis Abdalla, Carlos Malamut, Frank M. Bengel, Maria de Lourdes Higuchi, André Schmidt, Edécio Cunha-Neto, Marcus Vinicius Simões	2018	0	12.9	2.122	A1
Revista Brasileira de Psicologia do Esporte	2020-05-14	2020-05-14	NA	10.31501/rbpe.v9i3.11021	2022-04-02	1981-9145	3	2020-05-14	16587	NA	10.31501	Universidade Catolica de Brasilia	1	Crossref	0	0	0	Relação entre níveis de estresse e recuperação em corredores: um estudo piloto	journal-article	http://dx.doi.org/10.31501/rbpe.v9i3.11021	9	2020-05-14	NA	NA	Rev. Bras. Psic. Esporte	NA	NA	NA	NA	NA	Victor Silva Alves, Matheus Lima Zampieri, Bruno Kenji Facirolli Fukuhara, Cesar Augusto França Abrahão, Daniel Ferreira Moreira Lobato, Dernival Bertoncello	2020	0	NA	NA	B4
Revista Brasileira em Promoção da Saúde	2022-08-02	2023-08-23	NA	10.5020/18061230.2022.11697	2023-08-24	1806-1230	NA	2022-08-01	2931	NA	10.5020	Fundacao Edson Queiroz	1	Crossref	0	0	1	Relações entre espiritualidade e comportamentos saudáveis em idosos atendidos  na Atenção Primária à Saúde	journal-article	http://dx.doi.org/10.5020/18061230.2022.11697	35	2022-08-01	NA	NA	Rev Bras Promoc Saúde	NA	NA	NA	NA	NA	Verônica Ribeiro Cardoso, Kamila Cristina Dos Santos, Vitória Helena Helena Maciel Coelho, Lislei Jorge Patrizzi Martins, Adriana Cristina De Araújo Figueiredo, Ana Paula Gomes Fernandes, Juliana Martins Pinto	2022	0	NA	NA	B2
Revista Família, Ciclos de Vida e Saúde no Contexto Social	2020-03-04	2020-03-04	NA	10.18554/refacs.v8i2.4332	2024-05-27	2318-8413,2318-8413	2	2020-03-03	7811	267	10.18554	Universidade Federal do Triangulo Minero	1	Crossref	0	0	2	Relações entre sintomas depressivos, dor e impacto da fibromialgia na qualidade de vida em mulheres	journal-article	http://dx.doi.org/10.18554/refacs.v8i2.4332	8	2020-03-03	NA	NA	REFACS	NA	NA	NA	NA	NA	Cristiane Vitaliano Graminha, Juliana Martins Pinto, Pedro Augusto Moreira de Oliveira, Eduardo Elias Vieira de Carvalho	2020	0	NA	NA	B2
Journal of Physical Education	2017-06-14	2017-06-14	NA	10.4025/jphyseduc.v28i1.2819	2023-07-06	2448-2455	1	2017	2451	NA	10.4025	Universidade Estadual de Maringa	1	Crossref	0	0	3	RELATION OF COMMON MENTAL DISORDER, PHYSICAL ACTIVITY AND BODY  MASS INDEX IN WOMEN, POPULATION-BASED STUDY	journal-article	http://dx.doi.org/10.4025/jphyseduc.v28i1.2819	28	2017	NA	NA	J Phys Educ	NA	NA	NA	NA	NA	Isadora Ferreira Henriques, Isabel Aparecida Porcatti de Walsh, Maria Cristina Cortez Carneiro Meirelles, Gilberto de Araújo Pereira, Shamyr Sulyvan de Castro	2017	0	0.7	0.226	B1
Brazilian Journal of Medical and Biological Research	2017-09-20	2020-02-07	NA	10.1590/1414-431x20175996	2024-04-15	1414-431X,0100-879X	11	2017	530	NA	10.1590	FapUNIFESP (SciELO)	1	Crossref	40	40	9	Relationship between aerobic capacity and pelvic floor muscles function: a cross-sectional study	journal-article	http://dx.doi.org/10.1590/1414-431x20175996	50	2017	NA	NA	Braz J Med Biol Res	NA	NA	NA	NA	NA	S.P. Jürgensen, A. Borghi-Silva, A.M.F.G. Bastos, G.N. Correia, V.S. Pereira-Baldon, R. Cabiddu, A.M. Catai, P. Driusso	2017	0	4.5	0.492	A3
Revista Brasileira de Cineantropometria &amp; Desempenho Humano	2021-04-05	2021-04-28	NA	10.1590/1980-0037.2021v23e55654	2023-11-17	1980-0037,1415-8426	NA	2021	530	NA	10.1590	FapUNIFESP (SciELO)	1	Crossref	29	29	1	Relationship between postural changes and physical and functional variables in schoolchildren aged 6-12 years	journal-article	http://dx.doi.org/10.1590/1980-0037.2021v23e55654	23	2021	NA	NA	Rev. bras. cineantropom. desempenho hum.	NA	NA	NA	NA	NA	Dernival Bertoncello, Karina Pereira, Lelles Gabriel Damasceno Queiroz, Eduardo Porcatti Walsh, Angélica Emboaba Salomão, Isabel Aparecida Porcatti de Walsh	2021	0	1.3	0.274	B1
The Ultrasound Journal	2020-02-11	2021-02-10	2020-12	10.1186/s13089-020-0156-1	2023-12-20	2524-8987	1	2020-02-11	297	NA	10.1186	Springer Science and Business Media LLC	1	Crossref	35	35	6	Relationship of spontaneous microembolic signals to risk stratification, recurrence, severity, and mortality of ischemic stroke: a prospective study	journal-article	http://dx.doi.org/10.1186/s13089-020-0156-1	12	2020-02-11	http://dx.doi.org/10.1007/springer_crossmark_policy	en	Ultrasound J	NA	NA	NA	NA	NA	Rodrigo Bazan, Gustavo José Luvizutto, Gabriel Pereira Braga, Silméia Garcia Zanati Bazan, João Carlos Hueb, Carlos Clayton Macedo de Freitas, Pedro Tadao Hamamoto Filho, Gabriel Pinheiro Módolo, André Petean Trindade, Marcone Lima Sobreira, Hélio Rubens de Carvalho Nunes, João Pereira Leite, Octávio Marques Pontes-Neto	2020	0	NA	0.945	B4
O Mundo da Saúde	2021-02-25	2021-11-03	2020-01-01	10.15343/0104-7809.202044290299	2022-04-03	0104-7809,1980-3990	NA	2020-01-01	6018	290-299	10.15343	Centro Universitario Sao Camilo - Sao Paulo	1	Crossref	0	0	0	Relationships between physical activity, physical fitness and mortality among older adults: Fibra Study	journal-article	http://dx.doi.org/10.15343/0104-7809.202044290299	44	2020-12-31	NA	NA	Mundo Saúde	NA	NA	NA	NA	NA	Célia Maria Nevoni Ferreira de Araújo, Juliana Martins Pinto, Anita Liberalesso Neri, Maria José D’Elboux	2020	0	0.2	0.121	B4
Neurourology and Urodynamics	2020-03-02	2023-09-06	2020-04	10.1002/nau.24332	2024-06-04	0733-2467,1520-6777	4	2020-03-02	311	1145-1151	10.1002	Wiley	1	Crossref	25	25	8	Reliability of different electromyographic normalization methods for pelvic floor muscles assessment	journal-article	http://dx.doi.org/10.1002/nau.24332	39	2020-03-02	http://dx.doi.org/10.1002/crossmark_policy	en	Neurourology and Urodynamics	NA	Portico	NA	NA	NA	Vanessa S. Pereira‐Baldon, Ana B. de Oliveira, Juliana F. Padilha, Adriana M. Degani, Mariana A. Avila, Patricia Driusso	2020	0	4.5	0.683	A2
Motriz: Revista de Educação Física	2020-08-11	2021-01-23	NA	10.1590/s1980-6574202000030001	2024-03-06	1980-6574	3	2020	530	NA	10.1590	FapUNIFESP (SciELO)	1	Crossref	47	47	3	Respiratory and muscular effects of a physiotherapy protocol carried out during hemodialysis in individuals with chronic renal failure: preliminary results.	journal-article	http://dx.doi.org/10.1590/s1980-6574202000030001	26	2020	NA	NA	Motriz: rev. educ. fis.	NA	NA	NA	NA	NA	Mayara Simões, Michele Lima Gregório, Moacir Fernandes de Godoy, Marilita Falângola Accioly	2020	0	NA	0.199	B1
Rehabilitation Research and Practice	2020-02-03	2022-10-14	2020-02-03	10.1155/2020/1636540	2022-10-14	2090-2867,2090-2875	NA	2020-02-03	98	1-10	10.1155	Hindawi Limited	1	Crossref	33	33	0	Respiratory Function and Grip Strength in the Acute Phase of Stroke Are Associated with Stroke Severity and Disability at Hospital Discharge	journal-article	http://dx.doi.org/10.1155/2020/1636540	2020	NA	NA	en	Rehabilitation Research and Practice	NA	NA	NA	NA	NA	Lorena Cristina Alvarez Sartor, Gustavo José Luvizutto, Juli Thomaz de Souza, Evelin Roberta Silva Dalle Molle, Gabriel Pinheiro Modolo, Taís Regina da Silva, Robson Aparecido Prudente, Priscila Watson Ribeiro, Rafael Dalle Molle da Costa, Letícia Cláudia de Oliveira Antunes, Natália Cristina Ferreira, Silméia Garcia Zanati Bazan, Fernanda Cristina Winckler, Hélio Rubens de Carvalho Nunes, Marcos Ferreira Minicucci, Rodrigo Bazan	2020	0	2.2	0.44	A3
Brazilian Journal of Development	2020-08-05	2020-08-05	2020	10.34117/bjdv6n7-337	2024-03-29	2525-8761,2525-8761	7	2020	20063	46616-46629	10.34117	Brazilian Journal of Development	1	Crossref	0	0	1	Resultados de uma intervenção educativa sobre o nível de conhecimento dos trabalhadores da rede municipal de atenção à saúde de uberaba sobre os agravos de notificação compulsória relacionados ao trabalho	journal-article	http://dx.doi.org/10.34117/bjdv6n7-337	6	2020	NA	NA	BJD	NA	NA	NA	NA	NA	Gabriela Souza Faria, Maria Emília Arruda Favarin, Jéssica Carvalho Lima, Luana Rodrigues Rosseto Felipe, Gabriela Rodrigues, Lourdes Auxiliadora de Oliveira, Ana Carolina Silva Ribeiro, Isabel Aparecida Porcatti de Walsh	2020	0	NA	NA	C
Revista Família, Ciclos de Vida e Saúde no Contexto Social	2020-05-26	2020-05-26	NA	10.18554/refacs.v8i3.4563	2022-04-05	2318-8413,2318-8413	3	2020-05-24	7811	456	10.18554	Universidade Federal do Triangulo Minero	1	Crossref	0	0	0	Satisfação do atendimento fisioterapêutico hospitalar: visão do paciente e do fisioterapeuta	journal-article	http://dx.doi.org/10.18554/refacs.v8i3.4563	8	2020-05-24	NA	NA	REFACS	NA	NA	NA	NA	NA	Letícia Andrade Silva, Isabel Aparecida Porcatti de Walsh, Karlla Leandro Costa, Lislei Jorge Patrizzi Martins, Suraya Gomes Novais Shimano, Marilita Falangola Accioly	2020	0	NA	NA	B2
Journal of Hand Therapy	2019-03-08	2020-11-17	2020-10	10.1016/j.jht.2018.11.003	2024-01-16	0894-1130	4	2020-10	78	580-586	10.1016	Elsevier BV	1	Crossref	25	25	2	Serious games therapy associated with conventional physical therapy intervention accelerated hand muscles strengthening and hand functioning after complex fracture of the wrist: A case report	journal-article	http://dx.doi.org/10.1016/j.jht.2018.11.003	33	NA	http://dx.doi.org/10.1016/elsevier_cm_policy	en	Journal of Hand Therapy	NA	NA	NA	NA	NA	Najara Nader Zago, Luciane Aparecida Pascucci Sande de Souza, Bruno Goto Kimura, Dernival Bertoncello, Marco Aurélio Sertório Grecco, Luciane Fernanda Rodrigues Martinho Fernandes	2020	0	3.1	0.69	A3
Journal of Novel Physiotherapies	2017-05-26	2017-05-26	NA	10.4172/2165-7025.1000344	2022-03-29	2165-7025	S4	2017	2674	NA	10.4172	OMICS Publishing Group	1	Crossref	0	0	0	Short Report on the Career of Physiotherapy in Brazil	journal-article	http://dx.doi.org/10.4172/2165-7025.1000344	7	2017	NA	NA	J Nov Physiother	NA	NA	NA	NA	NA	Dernival Bertoncello	2017	0	NA	NA	B2
Journal of Manipulative and Physiological Therapeutics	2020-08-21	2021-04-02	2020-06	10.1016/j.jmpt.2019.04.011	2024-03-04	0161-4754	5	2020-06	78	437-445	10.1016	Elsevier BV	1	Crossref	52	52	4	Short-term Effects of Mulligan's Mobilization With Movement on Pain, Function, and Emotional Aspects in Individuals With Knee Osteoarthritis: A Prospective Case Series	journal-article	http://dx.doi.org/10.1016/j.jmpt.2019.04.011	43	NA	http://dx.doi.org/10.1016/elsevier_cm_policy	en	Journal of Manipulative and Physiological Therapeutics	NA	NA	NA	NA	NA	Matheus G. Gomes, Anaysa F. Primo, Linda L.J.R. De Jesus, Valdeci C. Dionisio	2020	0	2.5	0.419	A2
Revista Família, Ciclos de Vida e Saúde no Contexto Social	2020-03-04	2020-03-04	NA	10.18554/refacs.v8i2.4328	2022-03-30	2318-8413,2318-8413	2	2020-03-03	7811	232	10.18554	Universidade Federal do Triangulo Minero	1	Crossref	0	0	0	Síndrome de Burnout, variáveis sociodemográficas, ocupacionais e satisfação no trabalho na equipe de enfermagem hospitalar	journal-article	http://dx.doi.org/10.18554/refacs.v8i2.4328	8	2020-03-03	NA	NA	REFACS	NA	NA	NA	NA	NA	Bruna Silveira Toledo Barbosa, Lilian Gomes da Silva Ferreira, Jéssica Carvalho Lima, Renata Martins Matos Oliveira, Lara Andrade Souza, Isabel Aparecida Porcatti de Walsh	2020	0	NA	NA	B2
Motriz: Revista de Educação Física	2021-06-09	2021-06-09	NA	10.1590/s1980-657420210022820	2024-02-28	1980-6574	NA	2021	530	NA	10.1590	FapUNIFESP (SciELO)	1	Crossref	27	27	1	Single session of action observation in choice reaction time in healthy children	journal-article	http://dx.doi.org/10.1590/s1980-657420210022820	27	2021	NA	NA	Motriz: rev. educ. fis.	NA	NA	NA	NA	NA	Isabella Franco Silva Vieira, Eduardo de Moura Neto, Tamise Aguiar Caires, Gabriel Jablonski, Adriano Oliveira Andrade, Gustavo José Luvizutto, Luciane Aparecida Pascucci Sande de Souza	2021	0	NA	0.199	B1
Journal of Motor Behavior	2016-09-02	2020-08-16	2017-05-04	10.1080/00222895.2016.1204261	2022-04-01	0022-2895,1940-1027	3	2016-09-02	301	235-243	10.1080	Informa UK Limited	1	Crossref	29	29	0	Single-Joint Movements in Parkinson's Disease: A Pulse-Width and Pulse-Height Theory Review	journal-article	http://dx.doi.org/10.1080/00222895.2016.1204261	49	2016-09-02	http://dx.doi.org/10.1080/tandf_crossmark_01	en	Journal of Motor Behavior	NA	NA	NA	NA	NA	Rafael de Almeida Oliveira, Luciane Aparecida Pascucci Sande de Souza	2016	0	2.7	0.441	A4
Revista Família, Ciclos de Vida e Saúde no Contexto Social	2020-03-04	2020-03-04	NA	10.18554/refacs.v8i2.4327	2022-03-31	2318-8413,2318-8413	2	2020-03-03	7811	219	10.18554	Universidade Federal do Triangulo Minero	1	Crossref	0	0	0	Sintomas musculoesqueléticos e características sociodemográficas em mulheres	journal-article	http://dx.doi.org/10.18554/refacs.v8i2.4327	8	2020-03-03	NA	NA	REFACS	NA	NA	NA	NA	NA	Patrícia Ribeiro Marcacine, Marina Mendonça Emílio, Jéssica Carvalho Lima, Renata Martins Matos Oliveira, Shamyr Sulyvan de Castro, Isabel Aparecida Porcatti de Walsh	2020	0	NA	NA	B2
Revista Família, Ciclos de Vida e Saúde no Contexto Social	2020-05-15	2020-05-15	NA	10.18554/refacs.v8i2.4526	2022-04-04	2318-8413,2318-8413	2	2020-03-03	7811	210	10.18554	Universidade Federal do Triangulo Minero	1	Crossref	0	0	0	Socioeconomic characteristics, health and quality of life self-evaluation in women	journal-article	http://dx.doi.org/10.18554/refacs.v8i2.4526	8	2020-03-03	NA	NA	REFACS	NA	NA	NA	NA	NA	Juliana Martins Pinto, Ana Paula Gomes Fernandes, Mariana Thays Carvalho, Cristiane Vitaliano Graminha, Adriana Cristina De Araújo Figueiredo, Isabel Aparecida Porcatti de Walsh	2020	0	NA	NA	B2
Journal of Aging and Physical Activity	2018-10-09	2022-08-02	2019-06	10.1123/japa.2018-0106	2023-09-24	1063-8652,1543-267X	3	2019-06	100	371-377	10.1123	Human Kinetics	1	Crossref	52	52	8	The Acute Effects of Mat Pilates on Hemodynamic and Salivary Nitrite Responses After Exercise in Postmenopausal Women	journal-article	http://dx.doi.org/10.1123/japa.2018-0106	27	NA	NA	en	Journal of Aging and Physical Activity	NA	NA	NA	NA	NA	Jaqueline P. Batista, Igor M. Mariano, Tállita C.F. Souza, Juliene G. Costa, Jéssica S. Giolo, Nádia C. Cheik, Foued S. Espindola, Sarah Everman, Guilherme M. Puga	2019	0	3.0	0.509	A3
Acta Ortopédica Brasileira	2021-11-15	2021-11-15	NA	10.1590/1413-785220212906237983	2024-01-26	1809-4406,1413-7852	6	2021-12	530	316-322	10.1590	FapUNIFESP (SciELO)	1	Crossref	31	31	1	THE EFFECTS OF NEUROMUSCULAR ELECTRICAL STIMULATION IN ASSOCIATION WITH WHEY PROTEIN SUPPLEMENTATION AFTER ANTERIOR CRUCIATE LIGAMENT RECONSTRUCTION	journal-article	http://dx.doi.org/10.1590/1413-785220212906237983	29	2021-12	NA	NA	Acta ortop. bras.	NA	NA	NA	NA	NA	GABRIELA OTÍLIA MENDONÇA, MARIA LUIZA BIANCHINI SEVERINO, KELLE MOREIRA DE OLIVEIRA, MARCELO LIMA DE OLIVEIRA, GIOVANE GALDINO DE SOUZA, ADRIANO PRADO SIMÃO, DANIEL FERREIRA MOREIRA LOBATO, RANIELLY ALVES ANDRADE, RICARDO ZENUN FRANCO, MARCELO STEGMANN DA CRUZ, LEONARDO CÉSAR CARVALHO	2021	0	1.0	NA	B1
BMC Pediatrics	2022-06-27	2022-06-27	2022-12	10.1186/s12887-022-03429-5	2022-06-27	1471-2431	1	2022-06-27	297	NA	10.1186	Springer Science and Business Media LLC	1	Crossref	41	41	0	Transcranial doppler as screening method for sickling crises in children with sickle cell anemia: a latin America cohort study	journal-article	http://dx.doi.org/10.1186/s12887-022-03429-5	22	2022-06-27	http://dx.doi.org/10.1007/springer_crossmark_policy	en	BMC Pediatr	NA	NA	NA	NA	NA	Gabriel Pinheiro Modolo, Gustavo José Luvizutto, Pedro Tadao Hamamoto Filho, Gabriel Pereira Braga, Silmeia Garcia Zanati Bazan, Natalia Cristina Ferreira, Juli Thomaz de Souza, Fernanda Cristina Winckler, Carlos Clayton Macedo de Freitas, Newton Key Hokama, Edison Iglesias de Oliveira Vidal, Rodrigo Bazan	2022	0	3.7	0.688	A1
Open Science Research	2022-02-16	2022-10-30	NA	10.37885/211206994	2022-10-31	NA	NA	2022	24862	653-668	10.37885	Editora Científica Digital	1	Crossref	0	0	0	TRIAGEM SENSORIAL EM CRIANÇAS COM TRANSTORNO DO DÉFICIT DE ATENÇÃO E HIPERATIVIDADE	book-chapter	http://dx.doi.org/10.37885/211206994	NA	2022	NA	NA	NA	9786553600553	NA	NA	NA	NA	Lucieny Almohalha, Bruna Soares Ferreira, Camila de Freitas Oliveira, Luciane Aparecida Pascucci de Sande Souza	2022	0	NA	NA	NA
Fisioterapia e Pesquisa	2021-06-18	2021-06-18	NA	10.1590/1809-2950/20024628012021	2024-03-30	2316-9117,1809-2950	1	2021-03	530	77-87	10.1590	FapUNIFESP (SciELO)	1	Crossref	25	25	5	Validação da versão brasileira do World Health Organization Disability Assessment Schedule 2.0 em idosos institucionalizados	journal-article	http://dx.doi.org/10.1590/1809-2950/20024628012021	28	2021-03	NA	NA	Fisioter. Pesqui.	NA	NA	NA	NA	NA	Thais Cristina Grou, Shamyr Sulyvan de Castro, Camila Ferreira Leite, Mariana Thays Carvalho, Lislei Jorge Patrizzi	2021	0	NA	NA	B1
Fisioterapia e Pesquisa	2019-04-06	2023-09-15	NA	10.1590/1809-2950/17013126012019	2023-09-16	2316-9117,1809-2950	1	2019-03	530	22-30	10.1590	FapUNIFESP (SciELO)	1	Crossref	40	40	3	Validade e confiabilidade da versão brasileira do World Health Organization Disability Assessment Schedule em pessoas com cegueira	journal-article	http://dx.doi.org/10.1590/1809-2950/17013126012019	26	2019-03	NA	NA	Fisioter. Pesqui.	NA	NA	NA	NA	NA	Laís Sampaio Silveira, Shamyr Sulyvan Castro, Camila Ferreira Leite, Nuno Miguel Lopes Oliveira, Angélica Emboaba Salomão, Karina Pereira	2019	0	NA	NA	B1
Dementia &amp; Neuropsychologia	2019-03-30	2020-02-07	NA	10.1590/1980-57642018dn13-010009	2024-05-08	1980-5764,1980-5764	1	2019-03	530	82-88	10.1590	FapUNIFESP (SciELO)	1	Crossref	16	16	13	Validation of the Catherine Bergego Scale in patients with unilateral spatial neglect after stroke	journal-article	http://dx.doi.org/10.1590/1980-57642018dn13-010009	13	2019-03	NA	NA	Dement. neuropsychol.	NA	NA	NA	NA	NA	Carlos Leonardo Sacomani Marques, Juli Thomaz de Souza, Maicon Gabriel Gonçalves, Taís Regina da Silva, Rafael Dalle Molle da Costa, Gabriel Pinheiro Modolo, José Eduardo Corrente, Rodrigo Bazan, Gustavo José Luvizutto	2019	0	2.7	0.42	B2
Journal of Bodywork and Movement Therapies	2021-05-18	2023-03-29	2021-07	10.1016/j.jbmt.2021.05.005	2023-08-17	1360-8592	NA	2021-07	78	676-681	10.1016	Elsevier BV	1	Crossref	27	27	2	Visual and haptic verticality misperception and trunk control within 72 h after stroke	journal-article	http://dx.doi.org/10.1016/j.jbmt.2021.05.005	27	NA	http://dx.doi.org/10.1016/elsevier_cm_policy	en	Journal of Bodywork and Movement Therapies	NA	NA	NA	NA	NA	Luciane Aparecida Pascucci Sande de Souza, Luana Ribeiro Ferreira, Ana Carolina Silva Bitencourt, Rodrigo Bazan, Gustavo José Luvizutto	2021	0	2.5	0.48	A2
Climacteric	2017-05-25	2020-10-08	2017-09-03	10.1080/13697137.2017.1325460	2023-09-06	1369-7137,1473-0804	5	2017-05-25	301	427-435	10.1080	Informa UK Limited	1	Crossref	42	42	11	Water- versus land-based treatment for postural control in postmenopausal osteoporotic women: a randomized, controlled trial	journal-article	http://dx.doi.org/10.1080/13697137.2017.1325460	20	2017-05-25	http://dx.doi.org/10.1080/tandf_crossmark_01	en	Climacteric	NA	NA	NA	NA	NA	M. Chaves Aveiro, M. Arias Avila, V. Santos Pereira-Baldon, A. Santa Barbara Ceccatto Oliveira, K. Gramani-Say, J. Oishi, P. Driusso	2017	0	5.8	0.801	A2
CoDAS	2021-07-03	2021-07-03	NA	10.1590/2317-1782/20202020019	2024-01-25	2317-1782	4	2021	530	NA	10.1590	FapUNIFESP (SciELO)	1	Crossref	15	15	1	What are the barriers to participation in a neuromodulation pilot trial for aphasia after stroke?	journal-article	http://dx.doi.org/10.1590/2317-1782/20202020019	33	2021	NA	NA	CoDAS	NA	NA	NA	NA	NA	Mariana Lopes Andreoli, Juli Thomaz de Souza, Priscila Watson Ribeiro, Rafael Dalle Molle da Costa, Taís Regina da Silva, Fernanda Cristina Winckler, Gabriel Pinheiro Modolo, Karen Fernanda Alves, Pedro Tadao Hamamoto Filho, Rafael Delascio Garcia, Luiz Eduardo Gomes Garcia Betting, Silmeia Garcia Zanati Bazan, Rodrigo Bazan, Gustavo José Luvizutto	2021	0	1.0	0.307	A3
Saúde e Desenvolvimento Humano	2021-04-05	2021-04-05	NA	10.18316/sdh.v9i1.6295	2022-04-02	2317-8582	1	2021-02-26	7660	NA	10.18316	Centro Universitario La Salle - UNILASALLE	1	Crossref	0	0	0	World Health Organization Disability Assessment Schedule (WHODAS 2.0): validação para adultos com baixa visão	journal-article	http://dx.doi.org/10.18316/sdh.v9i1.6295	9	2021-02-26	NA	NA	SDH	NA	NA	NA	NA	NA	Angelica Emboaba Salomão, Camila Ferreira Leite, Shamyr Sulyvan Castro, Suraya Gomes Novais Shimano, Laís Sampaio Silveira, Karina Pereira	2021	0	NA	NA	B2
