title	DOI	url	issns	journal	authors	issns1	issns2	published_on	last_updated	cited_by_fbwalls_count	cited_by_feeds_count	cited_by_gplus_count	cited_by_msm_count	cited_by_posts_count	cited_by_rdts_count	cited_by_tweeters_count	cited_by_videos_count	cited_by_accounts_count	cited_by_patents_count	mendeley	altmetric_score	is_oa	author.names	issn	citations	CiteScore	SJR	WebQualis
A Pilates exercise program with pelvic floor muscle contraction: Is it effective for pregnant women? A randomized controlled trial	10.1002/nau.23308	http://dx.doi.org/10.1002/nau.23308	0733-2467	Neurourology and Urodynamics	Naiara T. Dias			2017	1569656981	0	0	0	0	1	0	1	0	1	0	225	1	FALSE	Naiara T. Dias, Letícia R. Ferreira, Mariana G. Fernandes, Ana Paula M. Resende, Vanessa S. Pereira‐Baldon	0733-2467	15	4.5	0.683	A2
A Single Dose of Beetroot Juice Does Not Change Blood Pressure Response Mediated by Acute Aerobic Exercise in Hypertensive Postmenopausal Women	10.3390/nu11061327	http://dx.doi.org/10.3390/nu11061327	2072-6643	Nutrients	Ana Luiza Amaral			2019	1561239000	0	0	0	0	6	0	6	0	6	0	150	4	TRUE	Ana Luiza Amaral, Igor M. Mariano, Victor Hugo V. Carrijo, Tállita Cristina F. de Souza, Jaqueline P. Batista, Anne M. Mendonça, Adriele V. de Souza, Douglas C. Caixeta, Renata R. Teixeira, Foued S. Espindola, Erick P. de Oliveira, Guilherme M. Puga	2072-6643	16	9.0	1.301	A1
Adductor Pollicis Muscle Thickness and Obesity Are Associated with Poor Outcome after Stroke: A Cohort Study	10.1016/j.jstrokecerebrovasdis.2017.12.028	http://dx.doi.org/10.1016/j.jstrokecerebrovasdis.2017.12.028	1052-3057	Journal of Stroke & Cerebrovascular Diseases	Juli Thomaz de Souza			2018	1517936048	0	0	0	0	1	0	1	0	1	0	56	1	TRUE	Juli Thomaz de Souza, Marcos Ferreira Minicucci, Leonardo Antônio Mamede Zornoff, Bertha Furlan Polegato, Priscila Watson Ribeiro, Silméia Garcia Zanati Bazan, Gabriel Pereira Braga, Gustavo José Luvizutto, Sérgio Alberto Rupp de Paiva, Rodrigo Bazan, Paula Schmidt Azevedo	1052-3057	1	4.3	0.678	A4
Age-related alterations in the activation of trunk and lower limb muscles during walking	10.3233/bmr-150628	http://dx.doi.org/10.3233/bmr-150628	1053-8127	Journal of Back & Musculoskeletal Rehabilitation	Nise Ribeiro Marques			2016	1635426694	0	0	0	0	4	0	3	0	3	0	49	3	TRUE	Nise Ribeiro Marques, Camilla Zamfolini Hallal, Deborah Hebling Spinoso, Luciano Fernandez Crozara, Mary Hellen Morcelli, Aline Harumi Karuka, Marcelo Tavella Navega, Mauro Gonçalves	1053-8127	11	2.4	0.459	A4
Altered Visual and Proprioceptive Spatial Perception in Individuals with Parkinson’s Disease	10.1177/0031512519880421	http://dx.doi.org/10.1177/0031512519880421	0031-5125	Perceptual and Motor Skills	Gustavo José Luvizutto			2019	1589885816	0	0	0	0	3	0	3	0	3	0	44	1	TRUE	Gustavo José Luvizutto, Thanielle Souza Silva Brito, Eduardo de Moura Neto, Luciane Aparecida Pascucci Sande de Souza	0031-5125	6	2.8	0.557	B1
Ancient Observation of Spinal Cord Injury: The Case of the Assyrian Lion	10.1016/j.wneu.2018.05.083	http://dx.doi.org/10.1016/j.wneu.2018.05.083	1878-8750	World Neurosurgery	Gustavo J Luvizutto			2018	1666171192	0	0	0	0	3	0	3	0	3	0	17	2	TRUE	Gustavo J Luvizutto, Emerson G M Siqueira, Pedro Tadao Hamamoto Filho, Viviane H F Zétola, Marcos C Lange, Hélio A G Teive, Luiz A L Resende, Rodrigo Bazan	1878-8750	2	3.9	0.654	A3
Atividade física como fator de proteção para sintomas do climatério	10.12820/rbafs.27e0260	http://dx.doi.org/10.12820/rbafs.27e0260	1413-3482	Revista Brasileira de Atividade Física & Saúde	Juliene Gonçalves Costa			2022	1656363761	0	0	0	0	2	0	2	0	2	0	0	2	TRUE	Juliene Gonçalves Costa, Tállita Cristina Ferreira de Souza, Priscila Aline Dias, Priscila Missaki Nakamura, Guilherme Morais Puga	1413-3482	0	NA	NA	B2
Brazilian Academy of Neurology practice guidelines for stroke rehabilitation: part I	10.1590/0004-282x-anp-2021-0354	http://dx.doi.org/10.1590/0004-282x-anp-2021-0354	0004-282X	Arquivos de Neuro-Psiquiatria	Cesar Minelli			2022	1666158441	0	0	0	0	5	0	4	0	4	0	64	2	TRUE	Cesar Minelli, Rodrigo Bazan, Marco Túlio Araújo Pedatella, Luciana de Oliveira Neves, Roberta de Oliveira Cacho, Sheila Cristina Sayuri Abe Magalhães, Gustavo José Luvizutto, Carla Heloísa Cabral Moro, Marcos Christiano Lange, Gabriel Pinheiro Modolo, Bruna Correia Lopes, Elisandra Leites Pinheiro, Juli Thomaz de Souza, Guilherme Riccioppo Rodrigues, Soraia Ramos Cabette Fabio, Gilmar Fernandes do Prado, Karla Carlos, Juliana Junqueira Marques Teixeira, Clara Monteiro Antunes Barreira, Rodrigo de Souza Castro, Thalita Dayrell Leite Quinan, Eduardo Damasceno, Kelson James Almeida, Octávio Marques Pontes-Neto, Marina Teixeira Ramalho Pereira Dalio, Millene Rodrigues Camilo, Michelle Hyczy de Siqueira Tosin, Bianca Campos Oliveira, Beatriz Guitton Renaud Baptista de Oliveira, João José Freitas de Carvalho, Sheila Cristina Ouriques Martins	0004-282X	2	2.1	0.341	B2
Brazilian practice guidelines for stroke rehabilitation: Part II	10.1055/s-0042-1757692	http://dx.doi.org/10.1055/s-0042-1757692	0004-282X	Arquivos de Neuro-Psiquiatria	Cesar Minelli			2022	1667036933	0	0	0	0	11	0	11	0	11	0	109	6	TRUE	Cesar Minelli, Gustavo José Luvizutto, Roberta de Oliveira Cacho, Luciana de Oliveira Neves, Sheila Cristina Sayuri Abe Magalhães, Marco Túlio Araújo Pedatella, Lucia Iracema Zanotto de Mendonça, Karin Zazo Ortiz, Marcos Christiano Lange, Priscila Watson Ribeiro, Luciane Aparecida Pascucci Sande de Souza, Cristiano Milani, Daniel Marinho Cezar da Cruz, Rafael Dalle Molle da Costa, Adriana Bastos Conforto, Fernanda Martins Maia Carvalho, Bruna Silva Ciarlini, Norberto Anizio Ferreira Frota, Kelson James Almeida, Eliane Schochat, Tatiana de Paula Oliveira, Camila Miranda, Maria Elisa Pimentel Piemonte, Laura Cardia Gomes Lopes, Camila Galvão Lopes, Michelle Hyczy de Siqueira Tosin, Bianca Campos Oliveira, Beatriz Guitton Renaud Baptista de Oliveira, Shamyr Sulyvan de Castro, João Brainier Clares de Andrade, Gisele Sampaio Silva, Octávio Marques Pontes-Neto, João José Freitas de Carvalho, Sheila C. Ouriques Martins, Rodrigo Bazan	0004-282X	7	2.1	0.341	B2
Can abdominal hypropressive technique improve stress urinary incontinence? an assessor‐blinded randomized controlled trial	10.1002/nau.24489	http://dx.doi.org/10.1002/nau.24489	0733-2467	Neurourology and Urodynamics	Luciene A. Jose‐Vaz			2020	1686244013	0	0	0	0	1	0	1	0	1	0	142	1	FALSE	Luciene A. Jose‐Vaz, Carine L. Andrade, Laura C. Cardoso, Bruno T. Bernardes, Vanessa S. Pereira‐Baldon, Ana Paula M. Resende	0733-2467	11	4.5	0.683	A2
Changes in Electrical Brain Activity and Cognitive Functions Following Mild to Moderate COVID-19: A one-Year Prospective Study After Acute Infection	10.1177/15500594221103834	http://dx.doi.org/10.1177/15500594221103834	1550-0594	Clinical EEG and Neuroscience	Pablo Andrei Appelt			2022	1674750109	0	0	0	0	7	0	5	0	5	0	40	4	TRUE	Pablo Andrei Appelt, Angélica Taciana Sisconetto, Kelly Savana Minaré Baldo Sucupira, Eduardo de Moura Neto, Tatiane de Jesus Chagas, Rodrigo Bazan, Ariana Moura Cabral, Adriano de Oliveira Andrade, Luciane Aparecida Pascucci Sande de Souza, Gustavo José Luvizutto	1550-0594	17	4.5	0.655	B1
Characteristics and prevalence of musculoskeletal injury in professional and non-professional ballet dancers	10.1590/bjpt-rbf.2014.0142	http://dx.doi.org/10.1590/bjpt-rbf.2014.0142	0211-5638	Fisioterapia : organo de la Asociacion Espanola de Fisioterapia.	Michelle S. S. Costa			2016	1646910185	0	0	0	0	1	0	1	0	1	0	273	1	TRUE	Michelle S. S. Costa, Arthur S. Ferreira, Marco Orsini, Elirez B. Silva, Lilian R. Felicio	0211-5638	40	0.4	0.138	B2
Characterization of inflammatory markers associated with systemic lupus erythematosus patients undergoing treatment	10.1016/j.rbre.2016.02.009	http://dx.doi.org/10.1016/j.rbre.2016.02.009	2255-5021	Revista Brasileira de Reumatologia (English Edition)	Rodolfo Pessato Timóteo			2016	1540636324	0	0	0	0	1	0	1	0	1	0	28	1	TRUE	Rodolfo Pessato Timóteo, Douglas Cobo Micheli, Reginaldo Botelho Teodoro, Marlene Freire, Dernival Bertoncello, Eddie Fernando Candido Murta, Beatriz Martins Tavares-Murta	2255-5021	2	NA	NA	B2
Clinical and Functional Outcomes of Patients Receiving Cerebral Reperfusion Therapy: A Stroke Databank Study in Brazil	10.3389/fsurg.2022.799485	http://dx.doi.org/10.3389/fsurg.2022.799485	2296-875X	Frontiers in Surgery	Natalia Eduarda Furlan			2022	1646859379	0	0	0	0	3	0	3	0	3	0	9	3	TRUE	Natalia Eduarda Furlan, Gustavo José Luvizutto, Pedro Tadao Hamamoto Filho, Silmeia Garcia Zanati Bazan, Gabriel Pinheiro Modolo, Natalia Cristina Ferreira, Luana Aparecida Miranda, Juli Thomaz de Souza, Fernanda Cristina Winckler, Edison Iglesias de Oliveira Vidal, Carlos Clayton Macedo de Freitas, Luis Cuadrado Martin, Rodrigo Bazan	2296-875X	1	1.1	0.436	NA
Clinical factors associated with the development of nonuse learned after stroke: a prospective study	10.1080/10749357.2019.1631605	http://dx.doi.org/10.1080/10749357.2019.1631605	1074-9357	Topics in Stroke Rehabilitation	Rafael Dalle Molle Da Costa			2019	1674397140	0	0	0	0	6	0	6	0	6	0	84	4	FALSE	Rafael Dalle Molle Da Costa, Gustavo José Luvizutto, Laís Geronutti Martins, Juli Thomaz De Souza, Taís Regina Da Silva, Lorena Cristina Alvarez Sartor, Fernanda Cristina Winckler, Gabriel Pinheiro Modolo, Evelin Roberta Da Silva Dalle Molle, Sarah M Dos Anjos, Silméia Garcia Zanati Bazan, Luís Martin Cuadrado, Rodrigo Bazan	1074-9357	18	4.5	0.835	A1
Combined exercise training reduces climacteric symptoms without the additive effects of isoflavone supplementation: A clinical, controlled, randomised, double-blind study	10.1177/0260106017727359	http://dx.doi.org/10.1177/0260106017727359	0260-1060	Nutrition and Health	Juliene G Costa			2017	1518787326	0	0	0	0	4	0	3	0	3	0	223	2	FALSE	Juliene G Costa, Jéssica S Giolo, Igor M Mariano, Jaqueline P Batista, Ana Luiza A Ribeiro, Tállita Cristina F Souza, Erick P de Oliveira, Ana Paula M Resende, Guilherme M Puga	0260-1060	12	2.8	0.433	B1
Contextual factors associated with life-space mobility in community-dwelling older adults based on International Classification of Functioning, Disability and Health: protocol for a systematic review	10.1136/bmjopen-2018-023468	http://dx.doi.org/10.1136/bmjopen-2018-023468	2044-6055	BMJ Open	Heloisa Maria Jácome Sousa Britto			2018	1542216719	0	0	0	0	2	0	2	0	2	0	62	1	TRUE	Heloisa Maria Jácome Sousa Britto, Bruna Silva Oliveira, Cristiano Santos Gomes, Juliana Martins Pinto, Ricardo Oliveira Guerra	2044-6055	5	4.4	0.971	A1
Crossed Leg Sign Is Associated With Severity of Unilateral Spatial Neglect After Stroke	10.3389/fneur.2018.00256	http://dx.doi.org/10.3389/fneur.2018.00256	1664-2295	Frontiers in Neurology	Gustavo José Luvizutto			2018	1677462539	0	0	0	0	34	0	31	0	31	0	22	25	TRUE	Gustavo José Luvizutto, Eduardo de Moura Neto, Luiz Antônio de Lima Resende, Hélio Rubens de Carvalho Nunes, Luiz Eduardo Gomes Garcia Betting, Rodrigo Bazan	1664-2295	2	4.8	0.966	A4
Discrimination between healthy and patients with Parkinson’s disease from hand resting activity using inertial measurement unit	10.1186/s12938-021-00888-2	http://dx.doi.org/10.1186/s12938-021-00888-2	1475-925X	BioMedical Engineering OnLine	Luciano Brinck Peres			2021	1621852338	0	0	0	0	1	0	1	0	1	0	48	1	TRUE	Luciano Brinck Peres, Bruno Coelho Calil, Ana Paula Sousa Paixão Barroso da Silva, Valdeci Carlos Dionísio, Marcus Fraga Vieira, Adriano de Oliveira Andrade, Adriano Alves Pereira	1475-925X	14	7.0	0.692	A3
Discriminatory Ability of Lower-Extremity Peak Torque and Rate of Torque Development in the Identification of Older Women With Slow Gait Speed.	10.1123/jab.2016-0354	http://dx.doi.org/10.1123/jab.2016-0354	1065-8483	Journal of Applied Biomechanics	Mary Hellen Morcelli			2018	1537703327	0	0	0	0	7	0	7	0	7	0	36	5	FALSE	Mary Hellen Morcelli, Dain Patrick LaRoche, Luciano Fernandes Crozara, Nise Ribeiro Marques, Camilla Zamfolini Hallal, Mauro Gonçalves, Marcelo Tavella Navega	1065-8483	9	2.1	0.427	A3
Early mobilization in acute stroke phase: a systematic review	10.1080/10749357.2021.2008595	http://dx.doi.org/10.1080/10749357.2021.2008595	1074-9357	Topics in Stroke Rehabilitation	Jéssica Mariana de Aquino Miranda			2021	1708048808	0	0	0	0	46	0	43	0	43	0	90	30	FALSE	Jéssica Mariana de Aquino Miranda, Viviany Mendes Borges, Rodrigo Bazan, Gustavo José Luvizutto, Jullyanna Sabrysna Morais Shinosaki	1074-9357	7	4.5	0.835	A1
Efeito agudo da marcha em esteira com estímulo auditivo sobre parâmetros cinemáticos da marcha e mobilidade em Parkinsonianos	10.6063/motricidade.7875	http://dx.doi.org/10.6063/motricidade.7875	1646-107X	Motricidade	Patrícia De Aguiar Yamada			2016	1489066724	1	0	0	0	1	0	0	0	1	0	10	1	TRUE	Patrícia De Aguiar Yamada, Késia Maísa Amaral-Felipe, Bárbara Fernandes Rodrigues, Maira Peloggia Cursino, Camilla Zamfolini Hallal, Flávia Roberta Faganello-Navega	1646-107X	2	0.5	0.212	B1
Effect of aerobic exercise on functional capacity and quality of life in individuals with Parkinson's disease: A systematic review of randomized controlled trials	10.1016/j.archger.2021.104422	http://dx.doi.org/10.1016/j.archger.2021.104422	0167-4943	Archives of Gerontology & Geriatrics	Marcos Paulo Braz de Oliveira			2021	1619945123	0	0	0	0	3	0	3	0	3	0	85	2	FALSE	Marcos Paulo Braz de Oliveira, Daniel Ferreira Moreira Lobato, Suhaila Mahmoud Smaili, Cristiano Carvalho, Juliana Bassalobre Carvalho Borges	0167-4943	18	6.8	1.054	A1
Effect of ankle-foot orthosis on functional mobility and dynamic balance of patients after stroke	10.1097/md.0000000000017317	http://dx.doi.org/10.1097/md.0000000000017317	0025-7974	Medicine (Wolters Kluwer)	Gabriela Vieira de Paula			2019	1570794439	0	0	0	0	1	0	1	0	1	0	199	1	TRUE	Gabriela Vieira de Paula, Taís Regina da Silva, Juli Thomaz de Souza, Gustavo José Luvizutto, Silméia Garcia Zanati Bazan, Gabriel Pinheiro Modolo, Fernanda Cristina Winckler, Letícia Cláudia de Oliveira Antunes, Luís Cuadrado Martin, Rafael Dalle Molle da Costa, Rodrigo Bazan	0025-7974	11	2.9	0.441	A3
Effect of Robot-Assisted Training on Unilateral Spatial Neglect After Stroke: Systematic Review and Meta-Analysis of Randomized Controlled Trials	10.1177/15459683221110894	http://dx.doi.org/10.1177/15459683221110894	1545-9683	Neurorehabilitation and Neural Repair	Rodrigo Bazan			2022	1661947965	0	0	0	0	1	0	1	0	1	0	18	1	FALSE	Rodrigo Bazan, Bruno Henrique de Souza Fonseca, Jessica Mariana de Aquino Miranda, Hélio Rubens de Carvalho Nunes, Silméia Garcia Zanati Bazan, Gustavo José Luvizutto	1545-9683	3	7.3	1.456	A1
Effect of sports shoe mileage on running mechanics and lower limb muscular activities in male individuals with and without genu varus	10.1016/j.scispo.2020.10.010	http://dx.doi.org/10.1016/j.scispo.2020.10.010	0765-1597	Science & Sports	A.A. Jafarnezhadgero			2021	1619761601	0	0	0	0	1	0	1	0	1	0	13	1	FALSE	A.A. Jafarnezhadgero, A. Yadegar, A. Valizadehorang, V.C. Dionisio	0765-1597	2	1.4	0.3	B1
Effects of combined and resistance training on the inflammatory profile in breast cancer survivors: A systematic review	10.1016/j.ctim.2017.11.023	http://dx.doi.org/10.1016/j.ctim.2017.11.023	0965-2299	Complementary Therapies in Medicine	Marco Aurélio Ferreira de Jesus Leite			2017	1608309929	0	0	0	0	2	0	2	0	2	0	147	2	FALSE	Marco Aurélio Ferreira de Jesus Leite, Guilherme Morais Puga, Franciel José Arantes, Carlo José Freire Oliveira, Lucas Moreira Cunha, Miguel Junior Sordi Bortolini, Nilson Penha-Silva	0965-2299	18	7.2	0.851	A2
Effects of different regimens for pelvic floor muscle training in young continent women: Randomized controlled clinical trial	10.1016/j.jelekin.2018.11.008	http://dx.doi.org/10.1016/j.jelekin.2018.11.008	1050-6411	Journal of Electromyography & Kinesiology	Vanessa S Pereira-Baldon			2018	1551994800	1	0	0	0	4	0	2	0	3	0	115	2	FALSE	Vanessa S Pereira-Baldon, Mariana Arias Avila, Carolina Bertholdo Dalarmi, Ana Beatriz de Oliveira, Patricia Driusso	1050-6411	9	4.8	0.825	A4
EFFECTS OF HIGH-INTENSITY INSPIRATORY MUSCLE TRAINING IN RUGBY PLAYERS	10.1590/1517-869220182403166216	http://dx.doi.org/10.1590/1517-869220182403166216	1517-8692	Revista Brasileira de Medicina do Esporte	Adauto de Oliveira Nunes Júnior			2018	1583748033	1	0	0	0	2	0	1	0	2	0	55	1	TRUE	Adauto de Oliveira Nunes Júnior, Marina Andrade Donzeli, Suraya Gomes Novais Shimano, Nuno Miguel Lopes de Oliveira, Gualberto Ruas, Dernival Bertoncello	1517-8692	6	0.8	NA	B1
Effects of non-invasive brain stimulation (NIBS) on vestibulopathy disorders: a systematic review	10.1080/21695717.2022.2067721	http://dx.doi.org/10.1080/21695717.2022.2067721	2169-5717	Hearing Balance and Communication	Bruno Henrique de Souza Fonseca			2022	1651530005	0	0	0	0	2	0	2	0	2	0	14	1	FALSE	Bruno Henrique de Souza Fonseca, Pedro Henrique Sousa de Andrade, Otávio Borges, Jessica Mariana de Aquino Miranda, Rodrigo Bazan, Luciane Aparecida Pascucci Sande de Souza, Gustavo José Luvizutto	2169-5717	0	1.1	0.211	NA
Effects of perineal preparation techniques on tissue extensibility and muscle strength: a pilot study	10.1007/s00192-018-3793-1	http://dx.doi.org/10.1007/s00192-018-3793-1	0937-3462	International Urogynecology Journal & Pelvic Floor Dysfunction	Síssi Sisconeto de Freitas			2018	1567778596	1	0	0	0	3	0	2	0	3	0	189	2	FALSE	Síssi Sisconeto de Freitas, Alana Leandro Cabral, Rogério de Melo Costa Pinto, Ana Paula Magalhães Resende, Vanessa Santos Pereira Baldon	0937-3462	10	3.4	0.821	A3
Electromyographic ratio of masseter and anterior temporalis muscles in children with and without temporomandibular disorders	10.1016/j.ijporl.2017.03.022	http://dx.doi.org/10.1016/j.ijporl.2017.03.022	0165-5876	International Journal of Pediatric Otorhinolaryngology	Thaís Cristina Chaves			2017	1499027293	4	0	0	0	9	0	1	0	5	0	84	2	FALSE	Thaís Cristina Chaves, Aroldo dos Santos Aguiar, Lilian Ramiro Felicio, Stella Maris Greghi, Simone Cecilio Hallak Regalo, Débora Bevilaqua-Grossi	0165-5876	15	3.0	0.568	A4
Eletromyography of abdominal muscles in different physical exercises	10.1097/md.0000000000010395	http://dx.doi.org/10.1097/md.0000000000010395	0025-7974	Medicine (Wolters Kluwer)	Thiago Montes Fidale			2018	1621609533	0	0	0	0	2	0	0	0	2	0	50	3	TRUE	Thiago Montes Fidale, Felipe Farnesi Ribeiro Borges, Leonardo Roever, Gilmar da Cunha Souza, Alexandre Gonçalves, Eduardo Paul Chacur, Cristhyano Pimenta, Eduardo Gasparetto Haddad, Guilherme Gularte de Agostini, Fábio Clemente Gregório, Fabrício Cardoso Ribeiro Guimarães, Franciel José Arantes, Lázaro Antônio dos Santos, Adriano Alves Pereira, Hanna Karen Moreira Antunes, Guilherme Morais Puga, Frederico Balbino Lizardo	0025-7974	2	2.9	0.441	A3
Evaluating the performance of the PRISMA-7 frailty criteria for predicting disability and death after acute ischemic stroke	10.1016/j.jstrokecerebrovasdis.2022.106837	http://dx.doi.org/10.1016/j.jstrokecerebrovasdis.2022.106837	1052-3057	Journal of Stroke & Cerebrovascular Diseases	Luana Aparecida Miranda			2022	1666869745	0	0	0	0	4	0	3	0	3	0	11	2	FALSE	Luana Aparecida Miranda, Gustavo José Luvizutto, Blossom Christa Maree Stephan, Juli Thomaz de Souza, Taís Regina da Silva, Fernanda Cristina Winckler, Natalia Cristina Ferreira, Leticia Claudia de Oliveira Antunes, Pedro Augusto Cândido Bessornia, Silméia Garcia Zanati Bazan, Fernanda Bono Fukushima, Rafael Dalle Molle da Costa, Gabriel Pinheiro Modolo, Marcos Ferreira Minicucci, Rodrigo Bazan, Edison Iglesias de Oliveira Vidal	1052-3057	4	4.3	0.678	A4
Evaluation of pelvic floor muscle strength and its correlation with sexual function in primigravid and non‐pregnant women: A cross‐sectional study	10.1002/nau.23353	http://dx.doi.org/10.1002/nau.23353	0733-2467	Neurourology and Urodynamics	Marília Duarte Santos			2017	1502108821	0	0	0	0	2	0	2	0	2	0	75	1	FALSE	Marília Duarte Santos, Vanessa Pinho Palmezoni, Luiza Torelli, Vanessa Santos Pereira Baldon, Marair Gracio Ferreira Sartori, Ana Paula Magalhães Resende	0733-2467	6	4.5	0.683	A2
Hip, Knee, and Ankle Functional Demand During Habitual and Fast-Pace Walking in Younger and Older Women.	10.1123/japa.2017-0351	http://dx.doi.org/10.1123/japa.2017-0351	1063-8652	Journal of Aging & Physical Activity	Deborah Hebling Spinoso			2018	1554840060	0	0	0	0	1	0	1	0	1	0	32	1	FALSE	Deborah Hebling Spinoso, Nise Ribeiro Marques, Dain Patrick LaRoche, Camilla Zamfollini Hallal, Aline Harumi Karuka, Fernanda Cristina Milanezi, Mauro Gonçalves	1063-8652	9	3.0	0.509	A3
Identification and Characterization of Short-Term Motor Patterns in Rest Tremor of Individuals with Parkinson’s Disease	10.3390/healthcare10122536	http://dx.doi.org/10.3390/healthcare10122536	2227-9032	Healthcare	Amanda Rabelo			2022	1671797413	0	0	0	0	2	0	2	0	2	0	6	2	TRUE	Amanda Rabelo, João Paulo Folador, Ariana Moura Cabral, Viviane Lima, Ana Paula Arantes, Luciane Sande, Marcus Fraga Vieira, Rodrigo Maximiano Antunes de Almeida, Adriano de Oliveira Andrade	2227-9032	3	4.9	0.606	A3
Immediate effect of mental practice with and without mirror therapy on muscle activation in hemiparetic stroke patients	10.1016/j.jbmt.2016.12.010	http://dx.doi.org/10.1016/j.jbmt.2016.12.010	1360-8592	Journal of Bodywork & Movement Therapies	Tamise Aguiar Caires			2016	1482811760	0	0	0	0	1	0	1	0	1	0	131	1	FALSE	Tamise Aguiar Caires, Luciane Fernanda Rodrigues Martinho Fernandes, Lislei Jorge Patrizzi, Rafael de Almeida Oliveira, Luciane Aparecida Pascucci Sande de Souza	1360-8592	1	2.5	0.48	A2
Increased flexibility, pain reduction and unaltered levels of IL-10 and CD11b + lymphocytes in patients with systemic lupus erythematosus were associated with kinesiotherapy	10.1177/0961203318768880	http://dx.doi.org/10.1177/0961203318768880	0961-2033	Lupus	R Pessato Timóteo			2018	1526472309	0	0	0	0	1	0	1	0	1	0	32	1	FALSE	R Pessato Timóteo, A Ferreira Silva, D Côbo Micheli, E F Candido Murta, M Freire, R Botelho Teodoro, F M Lima, B Martins Tavares Murta, D Bertoncello	0961-2033	12	4.3	0.812	A4
Increased strength of the scapular stabilizer and lumbar muscles after twelve weeks of Pilates training using the Reformer machine: A pilot study	10.1016/j.jbmt.2016.05.005	http://dx.doi.org/10.1016/j.jbmt.2016.05.005	1360-8592	Journal of Bodywork & Movement Therapies	Núbia Tomain Otoni dos Santos			2016	1711782079	0	0	0	8	24	0	10	0	19	0	111	80	FALSE	Núbia Tomain Otoni dos Santos, Karoline Cipriano Raimundo, Sheila Aparecida da Silva, Lara Andrade Souza, Karoline Carregal Ferreira, Zuleika Ferreira Borges Santo Urbano, Andréa Licre Pessina Gasparini, Dernival Bertoncello	1360-8592	4	2.5	0.48	A2
Influence of Aerobic Training on The Mechanics of Ventricular Contraction After Acute Myocardial Infarction: A Pilot Study	10.5935/abc.20180049	http://dx.doi.org/10.5935/abc.20180049	0066-782X	Arquivos Brasileiros de Cardiologia	Giovani Luiz De Santi			2018	1538529286	0	0	0	0	1	0	1	0	1	0	56	1	TRUE	Giovani Luiz De Santi, Henrique Turin Moreira, Eduardo Elias Vieira de Carvalho, Júlio César Crescêncio, André Schmidt, José Antônio Marin-Neto, Lourenço Gallo-Júnior	0066-782X	5	3.4	0.363	B2
Influence of personal mastery on mobility disability among older adults: A systematic review	10.1016/j.archger.2022.104750	http://dx.doi.org/10.1016/j.archger.2022.104750	0167-4943	Archives of Gerontology & Geriatrics	Mariana Thays Carvalho Moreira			2022	1654990262	0	0	0	0	1	0	1	0	1	0	19	1	FALSE	Mariana Thays Carvalho Moreira, Cintia Sulino Gomes, Juliana Martins Pinto	0167-4943	3	6.8	1.054	A1
Intensive blood pressure reduction with intravenous thrombolysis therapy for acute ischaemic stroke (ENCHANTED): an international, randomised, open-label, blinded-endpoint, phase 3 trial	10.1016/s0140-6736(19)30038-8	http://dx.doi.org/10.1016/s0140-6736(19)30038-8	0140-6736	The Lancet	Craig S Anderson			2019	1623229759	7	1	0	35	184	0	124	0	168	0	348	352	TRUE	Craig S Anderson, Yining Huang, Richard I Lindley, Xiaoying Chen, Hisatomi Arima, Guofang Chen, Qiang Li, Laurent Billot, Candice Delcourt, Philip M Bath, Joseph P Broderick, Andrew M Demchuk, Geoffrey A Donnan, Alice C Durham, Pablo M Lavados, Tsong-Hai Lee, Christopher Levi, Sheila O Martins, Veronica V Olavarria, Jeyaraj D Pandian, Mark W Parsons, Octavio M Pontes-Neto, Stefano Ricci, Shoichiro Sato, Vijay K Sharma, Federico Silva, Lili Song, Nguyen H Thang, Joanna M Wardlaw, Ji-Guang Wang, Xia Wang, Mark Woodward, John Chalmers, Thompson G Robinson, Craig S. Anderson, Yining Huang, Richard I. Lindley, Xiaoying Chen, Hisatomi Arima, Guofang Chen, Qiang Li, Laurent Billot, Candice Delcourt, Philip M. Bath, Joseph P. Broderick, Andrew M. Demchuk, Geoffrey A. Donnan, Alice C. Durham, Pablo M. Lavados, Tsong-Hai Lee, Christopher Levi, Sheila O. Martins, Veronica V. Olavarria, Jeyaraj D. Pandian, Mark W. Parsons, Octavio M. Pontes-Neto, Stefano Ricci, Shoichiro Sato, Vijay K. Sharma, Federico Silva, Lili Song, Nguyen H. Thang, Joanna M. Wardlaw, Ji-Guang Wang, Xia Wang, Mark Woodward, John Chalmers, Thompson G. Robinson, Jong S. Kim, Christian Stapf, R. John Simes, Graeme J. Hankey, Peter Sandercock, Marie-Germaine Bousser, K.S. Lawrence Wong, Anish Scaria, Yoichiro Hirakawa, Tom J. Moullaali, Cheryl Carcel, Penny Gordon, Sully X. Fuentes-Patarroyo, Dino Benito, Ruiqi Chen, Yongjun Cao, Amy Kunchok, Stephen Winters, Shelagh Coutts, Sohei Yoshimura, Shoujiang You, Jie Yang, Guojun Wu, Shihong Zhang, Lisa Manning, Amit Mistri, Victoria Haunton, Jatinder Minhas, Alejandra Malavera, Joyce Lim, Leibo Liu, Namrata N. Kumar, Nicole Tay, Kerry Jenson, Sarah Richtering, Sharon Tucker, Elizabeth Knight, Elizaveta Ivanova, Emma Thembani, Elizabeth Odgers, Elizabeth Sanders, Sabrina Small, Ruchita Vaghasiya, Manuela Armenis, Paul Donnelly, Merza A. Baig, Nick Blacklock, Bala Naidu, Helen Monaghan, Phillipa Smith, Parisa Glass, Xuejie Bai, Qiancheng Li, Pingping Zhu, Liang Kong, Ruihong He, He Zhao, Jiajie Lv, Haijing Jia, Zhen Xi, Yuhan Cong, Buliang Cui, Hua Deng, Ying Guo, Lingyu He, Ruolan Jia, Nan Li, Wei Li, Mengxiao Liu, Meng Zhang, Ziwei Xu, Ting Zhang, Yan Zhao, Philip Gregory, Yunjeong In, Su J. Kim, Jung E. Ahn, Sul H. Kim, Young L. Hong, Francisca González-McCawley, Magda C.O. Martins, Bernardita Portales, Ching-Yi Wang, Shan-Jen Ryu, Hardeep Aujla, Sue Lewin, Tracy Kumar, Sara Barrows, Ahtasam Ebraimo, Hong H. Uyen, Nguyen A. Giang, Le T.M. Linh, Le T.T. An, M. Phuong, Pham V.B. Ngoc, Nguyen M. Hang, Nguyen T.B. Tran, Ha T.T. Hien, Mai B. Yen, Ngo T.B. Tram, Tran T.T. Truc, Nguyen A. Hoa, Nguyen T.B. Thuan, Ha T.K. Oanh, Deepti Arora, Shweta J. Verma, M. Krause, M. Priglinger, S. Day, S. Jala, L. Davies, E. Ray, S. Celestino, L.Y. Law, T. Wijeratne, G. Ng, K. Nagao, G. Weiss, N. Titton, C. Batista, D. Zãn, L. Carbonera, K. Ferreira, R. Castro, R.K. Martins Filho, M. Carvalho, M. Libardi, G. Martins, D. Fagundes, G. Baron, A. Boehringer, J. Barbosa, R. Bazan, G. Braga, G. Luvizutto, P. Ribeiro, F. Winckler, C. Moro, A. Longo, R. Liberato, R. Barbosa, P. Magalhães, M. Portal, K. Martin, A. Souza, D. Cuervo, D. Perin, L. Marques, F. Oliveira, M. Battaglini, F. Lourenço, K. Ferreira, G. Silva, L. Duarte, M. Alves, J. Sousa, M. Uhehara, A. Brunser, E. Mazzón, M. Spencer, I. Acosta, A. Rojo, R. Rivas, C. Klapp, L. Carvallo, P. Carvallo, E. Mansilla, J. Flores, M. Alvarado, A. Herrera, C. Reyes, F. Jurado, G. Bustamante, L. Bravo, J.M. Matamala, R. Guerrero, S. Zhou, L. Ping, W. Liu, L. Liu, Y. Tian, H. Xu, J. Wang, L. Wang, Z. Zhen, X. Wang, J. Zhang, M. Yan, Y. Wang, Q. Zhang, X. Tao, C. Liu, J. Shi, X. Zhang, L. Tai, L. Xu, H. Lu, H. Nie, X. Li, J. Zhou, Y. Liu, P. Gong, Y. Tian, H. Zhao, Z. Zhang, R. Li, D. Wang, Q. Chen, Y. Li, L. Wu, A. Zhang, L. Jia, X. Guo, J. Li, G. Chen, B. Lin, W. Zhu, K. Yang, Y. Zhang, H. Zhang, C. Xie, D. Wu, F. Zhang, F. Li, S. Wang, D. Liu, Z. Liu, L. Liang, Q. Cao, S. Zhang, J. Xia, G. Li, Y. Weng, L. Li, T. Xu, D. Geng, X. Yan, H. Wang, N. Zhao, W Li, B. Wang, Z. Tang, L. Wang, W. Yin, S. Wang, D. Wang, W. Huang, Y. Yang, A. Song, Y. Hao, A. Zhang, B. Qiao, J. Yang, H. Yan, X. Wei, Z. Tao, H. Liu, Y. Lv, H. Yang, L. Han, X. Mao, L. Ge, Y. Zhang, S. He, Q. Zhang, H. Zhao, J. Jiang, M. Yan, F. Liu, W. Wu, H. Wang, Y. Wang, L. Yang, Y. Tang, H. Sun, S. Li, G. Li, Y. Sun, H. Zhang, Y. Wu, L. Huang, C. Geng, Z. Jin, J. Zhu, F. Zhang, Y. Zhang, Z. Zhang, R. Zheng, H. Shen, J. Liu, C. Chen, G. Li, S. Chen, L. Zhou, B. Hu, Z. Zou, X. Liu, X. Zhang, X. Chang, D. Wang, S. Zhang, Q. Huang, S. Liu, C.F. Liu, W. He, J. Feng, L. Li, X. Chen, X. Zhuang, Y. Liu, W. Zheng, Y. Lai, Y. Zhou, H. Duan, Q. Cao, Q. Yang, J. Du, Q Lin, E. Xu, L. Zhan, L. Yang, Y.C. Huang, J. Wu, X. Feng, C. Wei, J. He, B. Wang, X. Liu, W Li, P Chen, F Guo, H Dai, M Dai, X. Zeng, D. Wang, B. Chen, F. Long, Q. Su, Y. Wang, B. Bao, T. Wu, X. Wu, Y. Shao, H. Nie, X. Zhang, S. Li, Y. Xu, J.A. Castellanos, M. Muñoz-Collazos, E. Solano, W.H.T. Leung, S. Sureshbabu, S.N. Sharma, S. George, S. Shekhar, S. Singla, L. Saini, - Sunita, M. Kate, R. Sarvotham, A.G. William, A. Deepak, M. BK, R. Benny, V. Bolegave, M. Basle, S. Gore, P. George, S. Kumaravelu, S. Rahamath, P.G. Raj, A.R. Devi, A. Sharma, J. Prajapati, M. Parmar, D. Patel, T. Panchal, S.P. Gorthi, V. Prabhu, A. Prabhu, V. Chandran, A. Chatterjee, R. Nair, V.K. Nambiar, D. TS, S. TP, V. Ajai, S. Paul, P.C. Natarajan, D. Chittibabu, N.C. Borah, M. Ghose, N. Choudhury, P. Gohain, K. Kalita, D. Duberkar, N. Pawar, R. Bhaviskar, E. Caterbi, S. Cenciarelli, R. Condurso, E. Gallinella, L. Greco, C. Marando, S. Mastrocola, A. Mattioni, E. Sacchini, I. Sicilia, A. Gallina, D. Giannandrea, E. Marsili, T. Mazzoli, C. Padiglioni, F. Corea, A. Guidubaldi, S. Micheli, M. Barbi, J. Kim, H.J. Song, H.S. Jeong, J.G. Lim, S.M. Park, K.B. Lee, H.W. Hwang, S.U. Kwon, D.W. Kang, Y.J. Kim, B.J. Kim, J.M. Park, K. Kang, B. Kim, O. Kwon, Y.W. Kim, J.J. Lee, Y.H. Hwang, H.S. Kwon, J. Koo, K. Lee, T. Kim, A. Ahn, J.H. Rha, H.K. Park, C.W. Yoon, B. Chan, H.L. Teoh, P. Paliwal, L.Y.J. Wong, J.T. Chen, D.A. De Silva, H.M. Chang, N. Fabiaña, J. Marti, R. Delgado, A. Martínez, L. Prats, P. Camps, C.W. Liou, T.Y. Tan, C.F. Liu, H.H. Cheng, H.L. Po, Y.J. Lin, C.L. Chou, C.H. Lin, C.C. Yen, Y.T. Chang, Y.T. Hsu, J.D. Lee, M. Lee, Y.C. Huang, C.Y. Wu, Y.C. Huang, N.C. Suwanwela, A. Chutinet, Y. Likitjaroen, D. Roongpiboonsopit, S. Charnwut, A. Dyker, M. Hossain, G.K. Muddegowda, R. Sanyal, C. Roffe, I. Natarajan, K. Finney, L. Sztriha, J. Teo, F.K. Chan, J. Lim, B. Chitando, B. Clarke, B. Patel, U. Khan, R. Ghatala, S. Trippier, L. Kalra, D. Manawadu, N. Sikondari, J. Aeron-Thomas, W. Sunman, G. Wilkes, C. Richardson, A. Buch, B. Jackson, O. Halse, S. Mashate, P. Wilding, V. Nguyen, M.R. Qadiri, K. Rashed, S. Board, C. Buckley, C. Smith, M. James, S. Keenan, A. Bouring, T. England, R. Donnelly, J. Scott, M. Maddula, J. Beavan, R. Perry, N. Francia, C. Watchhurst, A. Banaras, A. Ashton, A. Mistri, K. Musarrat, D. Eveson, J. Kallingal, J. Perez, L. Harrison, T. Marsden, J. Furnace, R. Clarke, J. Reid, E. Warburton, M.J. Macleod, J. Mitchell, D. Day, N. Church, E. Amis, C. Price, H. Rodgers, R. Whiting, M. Hussain, M. Harvey, S. Brown, J. Foot, D. Tryambake, D. Broughton, A. Bergin, A. Annamalai, L. Dixon, N. Weir, C. Blank, K. Harkness, A. Ali, E. Richards, K. Stocks, D.W. Bruce, M. Wani, T. Anjum, M. Krishnan, T. Nguyen Huy, A. Truong Le Tuan, L. Dam Thi Cam, T. Ngo Thi Kim, B. Pham Nguyen, A. Nguyen Dat, C. Nguyen Van, T. Mai Duy, P. Dao Viet, D. Nguyen Tien, T. Vo Van, K. Le Kim, T. Bui Ngoc, T. Tran Le Thanh, S. Nguyen Hoanh, S. Pham Phuoc, T. Tran Van, B. Doan Thi, H. Nguyen Thi Thu, M. Nguyen Duy, D. Ngo Van	0140-6736	174	133.2	12.113	A1
Key Role of α-Toxin in Fatal Pneumonia Caused by Staphylococcus aureus Sequence Type 398	10.1164/rccm.201506-1225le	http://dx.doi.org/10.1164/rccm.201506-1225le	1073-449X	American Journal of Respiratory & Critical Care Medicine	Mariana F Bonesso			2016	1465202270	0	0	0	0	1	0	1	0	1	0	36	1	TRUE	Mariana F Bonesso, Anthony J Yeh, Amer E Villaruz, Hwang-Soo Joo, Joshua McCausland, Carlos M C B Fortaleza, Ricardo S Cavalcante, Moises T Sobrinho, Carlos F Ronchi, Gordon Y C Cheung, Maria L R S Cunha, Michael Otto	1073-449X	19	28.7	5.336	A1
Mat Pilates training and blood pressure reactivity responses to psychological stress: comparison between normotensive and hypertensive postmenopausal women	10.1097/mbp.0000000000000601	http://dx.doi.org/10.1097/mbp.0000000000000601	1359-5237	Blood pressure monitoring.	Ludimila Ferreira Gonçalves			2022	1710291190	0	1	0	4	5	0	0	0	5	0	19	37	FALSE	Ludimila Ferreira Gonçalves, Jaqueline Pontes Batista, Julia Buiatte Tavares, Tállita Cristina Ferreira de Souza, Igor Moraes Mariano, Ana Luiza Amaral, Mateus de Lima Rodrigues, Guilherme Morais Puga	1359-5237	5	1.7	0.345	A2
Mat Pilates training reduces blood pressure in both well-controlled hypertensive and normotensive postmenopausal women: a controlled clinical trial study	10.1080/10641963.2022.2079670	http://dx.doi.org/10.1080/10641963.2022.2079670	1064-1963	Clinical & Experimental Hypertension	Jaqueline Pontes Batista			2022	1654083888	0	0	0	0	1	0	1	0	1	0	28	1	FALSE	Jaqueline Pontes Batista, Julia Buiatte Tavares, Ludimila Ferreira Gonçalves, Tállita Cristina Ferreira de Souza, Igor Moraes Mariano, Ana Luiza Amaral, Mateus de Lima Rodrigues, Larissa Aparecida Santos Matias, Ana Paula Magalhães Resende, Guilherme Morais Puga	1064-1963	5	3.6	0.448	B1
Muscular weakness represents the main limiting factor of walk, functional independence and quality of life of myelopathy patients associated to HTLV-1	10.1590/0004-282x20160019	http://dx.doi.org/10.1590/0004-282x20160019	0004-282X	Arquivos de Neuro-Psiquiatria	Renata Costa Caiafa			2016	1490649360	1	0	0	0	2	0	1	0	2	0	85	1	TRUE	Renata Costa Caiafa, Marco Orsini, Lilian R. Felicio, Marzia Puccioni-Sohler	0004-282X	15	2.1	0.341	B2
Music-based physical therapy in Parkinson's disease: An approach based on international Classification of Functioning, Disability and Health	10.1016/j.jbmt.2020.08.015	http://dx.doi.org/10.1016/j.jbmt.2020.08.015	1360-8592	Journal of Bodywork & Movement Therapies	Luana Katlen da Silva			2020	1621297322	0	0	0	0	4	0	4	0	4	0	93	3	FALSE	Luana Katlen da Silva, Thanielle Souza Silva Brito, Luciane Aparecida Pascucci Sande de Souza, Gustavo José Luvizutto	1360-8592	7	2.5	0.48	A2
No Improvement in Running Time to Exhaustion at 100% VO2max in Recreationally Active Male Runners With a Preexercise Single-Carbohydrate Mouth Rinse.	10.1123/ijspp.2018-0624	http://dx.doi.org/10.1123/ijspp.2018-0624	1555-0265	International Journal of Sports Physiology and Performance	Luana T Rossato			2019	1549036723	0	0	0	0	1	0	1	0	1	0	51	1	FALSE	Luana T Rossato, Camila T M Fernandes, Públio F Vieira, Flávia M S de Branco, Paula C Nahas, Guilherme M Puga, Erick P de Oliveira	1555-0265	3	6.1	1.388	A1
Non‐invasive Brain Stimulation Can Reduce Unilateral Spatial Neglect after Stroke: ELETRON Trial	10.1002/ana.26430	http://dx.doi.org/10.1002/ana.26430	0364-5134	Annals of Neurology	Taís Regina da Silva			2022	1658166968	0	0	0	0	12	0	10	0	10	0	33	7	FALSE	Taís Regina da Silva, Hélio Rubens de Carvalho Nunes, Laís Geronutti Martins, Rafael Dalle Molle da Costa, Juli Thomaz de Souza, Fernanda Cristina Winckler, Lorena Cristina Alvarez Sartor, Gabriel Pinheiro Modolo, Natalia Cristina Ferreira, Josiela Cristina da Silva Rodrigues, Rafael Kanda, Marcelo Ortolani Fogarolli, Guilherme Ferreira Borges, Gabriela Rizzo Soares Rizzatti, Priscila Watson Ribeiro, Diandra B. Favoretto, Luan R. Aguiar dos Santos, Silméia Garcia Zanati Bazan, Luiz Eduardo Betting, Leticia Cláudia de Oliveira Antunes, Vitor Mendes Pereira, Taiza G. S. Edwards, Octávio Marques Pontes‐Neto, Adriana Bastos Conforto, Rodrigo Bazan, Gustavo José Luvizutto	0364-5134	8	18.4	3.6	A1
Noninvasive Brain Stimulations for Unilateral Spatial Neglect after Stroke: A Systematic Review and Meta-Analysis of Randomized and Nonrandomized Controlled Trials	10.1155/2018/1638763	http://dx.doi.org/10.1155/2018/1638763	2090-5904	Neural Plasticity	Flávio Taira Kashiwagi			2018	1532773913	0	0	0	0	2	0	2	0	2	0	162	1	TRUE	Flávio Taira Kashiwagi, Regina El Dib, Huda Gomaa, Nermeen Gawish, Erica Aranha Suzumura, Taís Regina da Silva, Fernanda Cristina Winckler, Juli Thomaz de Souza, Adriana Bastos Conforto, Gustavo José Luvizutto, Rodrigo Bazan	2090-5904	28	5.7	0.852	A3
Nonpharmacological labor pain management methods and risk of cesarean birth: A retrospective cohort study	10.1111/birt.12617	http://dx.doi.org/10.1111/birt.12617	0730-7659	Birth: Issues in Perinatal Care	Vanessa A. D. S. Rodrigues			2022	1647428485	1	0	0	0	16	0	9	0	10	0	35	7	FALSE	Vanessa A. D. S. Rodrigues, Yahn R. Abreu, Camila A. G. Santos, Alan F. Gatti, Gabriella M. Murer, Bárbara D. R. Gontijo, Juliana S. Alves, Thayna M. Cunha, Vivian Mara G. O. Azevedo, Tânia M. S. Mendonça, Helena B. M. S. Paro	0730-7659	2	5.1	1.127	A1
Objective Assessment of Bradykinesia Estimated from the Wrist Extension in Older Adults and Patients with Parkinson’s Disease	10.1007/s10439-017-1908-3	http://dx.doi.org/10.1007/s10439-017-1908-3	0090-6964	Annals of Biomedical Engineering	Amanda Gomes Rabelo			2017	1505425626	0	0	0	0	2	0	2	0	2	0	87	2	FALSE	Amanda Gomes Rabelo, Lucio Pereira Neves, Ana Paula S. Paixão, Fábio Henrique Monteiro Oliveira, Luciane Aparecida Pascucci Sande de Souza, Marcus Fraga Vieira, Adriano A. Pereira, Adriano O. Andrade	0090-6964	32	7.7	0.751	A2
Oxigenoterapia inalatória em idosos internados em um hospital público	10.1590/1809-98232016019.140208	http://dx.doi.org/10.1590/1809-98232016019.140208	1809-9823	Revista Brasileira de Geriatria e Gerontologia	Mariana Colombini Buranello			2016	1477765320	1	0	0	0	1	0	0	0	1	0	13	1	TRUE	Mariana Colombini Buranello, Suraya Gomes Novais Shimano, Lislei Jorge Patrizzi	1809-9823	0	NA	NA	A3
Postural Control during Different Unipodal Positions in Professional Ballet Dancers	10.12678/1089-313x.21.4.151	http://dx.doi.org/10.12678/1089-313x.21.4.151	1089-313X	Journal of Dance Medicine & Science	Michelle Costa de Mello			2017	1646046708	1	0	0	0	2	0	1	0	2	0	73	1	FALSE	Michelle Costa de Mello, Arthur de Sá Ferreira, Lilian Ramiro Felicio	1089-313X	29	1.5	0.401	A3
Prolonged dipyridamole administration reduces myocardial perfusion defects in experimental chronic Chagas cardiomyopathy	10.1007/s12350-018-1198-7	http://dx.doi.org/10.1007/s12350-018-1198-7	1071-3581	Journal of Nuclear Cardiology	Denise Mayumi Tanaka			2018	1517694033	0	0	0	0	4	0	4	0	4	0	21	3	FALSE	Denise Mayumi Tanaka, Luciano Fonseca Lemos de Oliveira, José Antônio Marin-Neto, Minna Moreira Dias Romano, Eduardo Elias Vieira de Carvalho, Antonio Carlos Leite de Barros Filho, Fernando Fonseca França Ribeiro, Jorge Mejia Cabeza, Carla Duque Lopes, Camila Godoy Fabricio, Norival Kesper, Henrique Turin Moreira, Lauro Wichert-Ana, André Schmidt, Maria de Lourdes Higuchi, Edécio Cunha-Neto, Marcus Vinícius Simões	1071-3581	9	4.8	0.954	A2
Redox Status of Postmenopausal Women with Single or Multiple Cardiometabolic Diseases Has a Similar Response to Mat Pilates Training	10.3390/antiox11081445	http://dx.doi.org/10.3390/antiox11081445	2076-3921	Antioxidants	Ana Luiza Amaral			2022	1658871465	0	0	0	0	1	0	1	0	1	0	15	1	TRUE	Ana Luiza Amaral, Jaqueline Pontes Batista, Igor Moraes Mariano, Ludimila Ferreira Gonçalves, Júlia Buiatte Tavares, Adriele Vieira de Souza, Douglas C. Caixeta, Renata R. Teixeira, Erick P. de Oliveira, Foued S. Espindola, Guilherme Morais Puga	2076-3921	1	8.8	1.222	B1
RELAÇÕES ENTRE SEDENTARISMO E MOBILIDADE COM E SEM DUPLA TAREFA EM IDOSOS USUÁRIOS DA ATENÇÃO BÁSICA EM SAÚDE	10.22456/2316-2171.96876	http://dx.doi.org/10.22456/2316-2171.96876	1517-2473	Estudos interdisciplinares sobre o envelhecimento	Cintia Sulino Gomes			2021	1709045405	1	0	0	0	1	0	0	0	1	0	3	1	TRUE	Cintia Sulino Gomes, Mariana Thays Carvalho, Vitoria Helena Maciel Coelho, Isabel Aparecida Porcatti de Walsh, Lislei Jorge Patrizzi Martins, Claudio Mardey Nogueira, Juliana Martins Pinto	1517-2473	0	NA	NA	A3
Safety of the effective radiation dose received during stroke hospitalization	10.1590/1677-5449.210142	http://dx.doi.org/10.1590/1677-5449.210142	1677-5449	Jornal Vascular Brasileiro	Gregório Platero Canton			2021	1641819712	0	0	0	0	1	0	1	0	1	0	6	1	TRUE	Gregório Platero Canton, Gustavo José Luvizutto, Pedro Tadao Hamamoto, Marcos Ferreira Minicucci, Gabriel Pinheiro Modolo, André Petean Trindade, Rodrigo Bazan, Juli Thomaz de Souza	1677-5449	0	1.3	0.189	B3
Semi-automated data collection from electronic health records in a stroke unit in Brazil	10.1590/0004-282x-anp-2020-0558	http://dx.doi.org/10.1590/0004-282x-anp-2020-0558	0004-282X	Arquivos de Neuro-Psiquiatria	Raquel Franco Zambom Valêncio			2022	1653200687	0	0	0	0	6	0	6	0	6	0	44	5	TRUE	Raquel Franco Zambom Valêncio, Juli Thomaz de Souza, Fernanda Cristina Winckler, Gabriel Pinheiro Modolo, Natalia Cristina Ferreira, Silmeia Garcia Zanati Bazan, Marcos Christiano Lange, Carlos Clayton Macedo de Freitas, Sergio Alberto Rupp de Paiva, Rogério Carvalho de Oliveira, Gustavo José Luvizutto, Rodrigo Bazan	0004-282X	3	2.1	0.341	B2
Single and Serial Carbohydrate Mouth Rinsing Do Not Improve Yo-Yo Intermittent Recovery Test Performance in Soccer Players.	10.1123/ijsnem.2021-0174	http://dx.doi.org/10.1123/ijsnem.2021-0174	1526-484X	International Journal of Sport Nutrition	Rafaela Nehme			2021	1634988978	0	0	0	1	6	0	4	0	5	0	19	9	FALSE	Rafaela Nehme, Flávia M S de Branco, Públio F Vieira, Ana Vitória C Guimarães, Gederson K Gomes, Gabriela P Teixeira, Pedro H Rodrigues, Leonardo M de Castro Junior, Guilherme M Puga, Bryan Saunders, Erick P de Oliveira	1526-484X	3	7.8	0.763	A1
Stimulus electrodiagnosis and motor and functional evaluations during ulnar nerve recovery	10.1590/bjpt-rbf.2014.0138	http://dx.doi.org/10.1590/bjpt-rbf.2014.0138	0211-5638	Fisioterapia : organo de la Asociacion Espanola de Fisioterapia.	Luciane F. R. M. Fernandes			2016	1626912000	0	0	0	0	1	0	0	0	1	1	58	3	TRUE	Luciane F. R. M. Fernandes, Nuno M. L. Oliveira, Danyelle C. S. Pelet, Agnes F. S. Cunha, Marco A. S. Grecco, Luciane A. P. S. Souza	0211-5638	5	0.4	0.138	B2
Task-Specific Tremor Quantification in a Clinical Setting for Parkinson’s Disease	10.1007/s40846-020-00576-x	http://dx.doi.org/10.1007/s40846-020-00576-x	1609-0985	Journal of Medical and Biological Engineering	Adriano de Oliveira Andrade			2020	1603301787	0	0	0	0	2	0	2	0	2	0	38	2	FALSE	Adriano de Oliveira Andrade, Ana Paula Sousa Paixão, Ariana Moura Cabral, Amanda Gomes Rabelo, Luiza Maire David Luiz, Valdeci Carlos Dionísio, Marcus Fraga Vieira, Janser Moura Pereira, Alice Rueda, Sridhar Krishnan, Adriano Alves Pereira	1609-0985	11	3.9	0.421	A4
The Effects of Isoflavone Supplementation Plus Combined Exercise on Lipid Levels, and Inflammatory and Oxidative Stress Markers in Postmenopausal Women	10.3390/nu10040424	http://dx.doi.org/10.3390/nu10040424	2072-6643	Nutrients	Jéssica S. Giolo			2018	1525457834	0	0	0	0	1	0	1	0	1	0	183	1	TRUE	Jéssica S. Giolo, Juliene G. Costa, Jair P. da Cunha-Junior, Ana Cláudia A. M. Pajuaba, Ernesto A. Taketomi, Adriele V. de Souza, Douglas C. Caixeta, Leonardo G. Peixoto, Erick P. de Oliveira, Sarah Everman, Foued S. Espindola, Guilherme M. Puga	2072-6643	30	9.0	1.301	A1
The Impact of Age on Mortality and Disability in Patients With Ischemic Stroke Who Underwent Cerebral Reperfusion Therapy: A Brazilian Cohort Study	10.3389/fnagi.2021.649902	http://dx.doi.org/10.3389/fnagi.2021.649902	1663-4365	Frontiers in Aging Neuroscience	Natália Eduarda Furlan			2021	1647361521	0	0	0	0	3	0	3	0	3	0	39	3	TRUE	Natália Eduarda Furlan, Gustavo José Luvizutto, Pedro Tadao Hamamoto Filho, Silméia Garcia Zanati Bazan, Gabriel Pinheiro Modolo, Natalia Cristina Ferreira, Luana Aparecida Miranda, Juli Thomaz de Souza, Fernanda Cristina Winckler, Edison Iglesias de Oliveira Vidal, Carlos Clayton Macedo de Freitas, Luis Cuadrado Martin, Rodrigo Bazan	1663-4365	11	5.2	1.173	A2
The Proprioceptive Neuromuscular Facilitation Concept in Parkinson Disease: A Systematic Review and Meta-Analysis	10.1016/j.jcm.2020.07.003	http://dx.doi.org/10.1016/j.jcm.2020.07.003	1556-3707	Journal of chiropractic medicine (Print)	Iramaia Salomão Alexandre de Assis			2020	1614610113	0	0	0	0	3	0	2	0	2	0	86	2	TRUE	Iramaia Salomão Alexandre de Assis, Gustavo José Luvizutto, Ana Caroline Magrini Bruno, Luciane Aparecida Pascucci Sande de Souza	1556-3707	7	1.4	0.302	A1
The Role of Transthoracic Echocardiography in the Evaluation of Patients With Ischemic Stroke	10.3389/fcvm.2021.710334	http://dx.doi.org/10.3389/fcvm.2021.710334	2297-055X	Frontiers in Cardiovascular Medicine	Robson Sarmento Teodoro			2021	1630078772	0	0	0	0	1	0	1	0	1	0	6	1	TRUE	Robson Sarmento Teodoro, Gisele Sampaio Silva, Gabriel Pinheiro Modolo, Stella De Angelis Trivellato, Juli Thomaz de Souza, Gustavo José Luvizutto, Hélio Rubens de Carvalho Nunes, Luis Cuadrado Martin, Rodrigo Bazan, Silméia Garcia Zanati Bazan	2297-055X	2	2.6	0.863	A3
Transcutaneous electrical nerve stimulation is superior than placebo and control for postoperative pain relief	10.2217/pmt-2019-0063	http://dx.doi.org/10.2217/pmt-2019-0063	1758-1869	Pain Management	Maraísa Rodrigues Borges			2020	1595070295	0	0	0	0	4	0	4	0	4	0	32	3	FALSE	Maraísa Rodrigues Borges, Nuno Miguel Lopes de Oliveira, Izabella Barberato Silva Antonelli, Maristella Borges Silva, Eduardo Crema, Luciane Fernanda Rodrigues Martinho Fernandes	1758-1869	9	2.9	0.478	A3
Translation, cross-cultural adaptation and validation of the Cincinnati prehospital stroke scale in Brazil	10.1590/0004-282x-anp-2020-0246	http://dx.doi.org/10.1590/0004-282x-anp-2020-0246	0004-282X	Arquivos de Neuro-Psiquiatria	Priscila Masquetto Vieira de Almeida			2021	1649684328	0	0	0	0	2	0	2	0	2	0	23	2	TRUE	Priscila Masquetto Vieira de Almeida, Rodrigo Bazan, Octávio Marques Pontes-Neto, César Minelli, José Eduardo Corrente, Gabriel Pinheiro Modolo, Gustavo José Luvizutto, Alessandro Lia Mondelli	0004-282X	1	2.1	0.341	B2
Translation, cross-cultural adaptation and validation of the Work Role Functioning Questionnaire 2.0 into Brazilian Portuguese in a general population	10.1186/s12955-022-01924-y	http://dx.doi.org/10.1186/s12955-022-01924-y	1477-7525	Health and Quality of Life Outcomes	Josane Soares Pinto Melo			2022	1645472065	0	0	0	0	1	0	1	0	1	0	14	1	TRUE	Josane Soares Pinto Melo, Almir Vieira Dibai-Filho, Adriana Sousa Rêgo, Daniel Santos Rocha, Isabel Aparecida Porcatti de Walsh, Rudys Rodolfo de Jesus Tavarez, Maria Claudia Gonçalves, Karen Larissa Brito Damasceno, Cid André Fidelis de Paula Gomes, Daniela Bassi-Dibai	1477-7525	2	5.6	1.14	A2
Use of artificial intelligence as an instrument of evaluation after stroke: a scoping review based on international classification of functioning, disability and health concept	10.1080/10749357.2021.1926149	http://dx.doi.org/10.1080/10749357.2021.1926149	1074-9357	Topics in Stroke Rehabilitation	Gustavo José Luvizutto			2021	1623991669	0	0	0	0	7	0	6	0	6	0	54	2	FALSE	Gustavo José Luvizutto, Gabrielly Fernanda Silva, Monalisa Resende Nascimento, Kelly Cristina Sousa Santos, Pablo Andrei Appelt, Eduardo de Moura Neto, Juli Thomaz de Souza, Fernanda Cristina Wincker, Luana Aparecida Miranda, Pedro Tadao Hamamoto Filho, Luciane Aparecida Pascucci Sande de Souza, Rafael Plana Simões, Edison Iglesias de Oliveira Vidal, Rodrigo Bazan	1074-9357	10	4.5	0.835	A1
Virtual Reality Immersion in Healthy Individuals: Ellipse Sway Area of an Electrical Shuttle Balance	10.1080/00222895.2020.1778623	http://dx.doi.org/10.1080/00222895.2020.1778623	0022-2895	Journal of Motor Behavior	Tarcísio Silva Coelho			2020	1593348703	0	0	0	0	1	0	1	0	1	0	16	1	FALSE	Tarcísio Silva Coelho, Eduardo de Moura Neto, Rodrigo Bazan, Luciane Aparecida Pascucci Sande de Souza, Gustavo José Luvizutto	0022-2895	2	2.7	0.441	A4
Wrist Rigidity Evaluation in Parkinson’s Disease: A Scoping Review	10.3390/healthcare10112178	http://dx.doi.org/10.3390/healthcare10112178	2227-9032	Healthcare	Camille Marques Alves			2022	1667419922	0	0	0	0	1	0	1	0	1	0	12	1	TRUE	Camille Marques Alves, Andressa Rastrelo Rezende, Isabela Alves Marques, Luanne Cardoso Mendes, Angela Abreu Rosa de Sá, Marcus Fraga Vieira, Edgard Afonso Lamounier Júnior, Adriano Alves Pereira, Fábio Henrique Monteiro Oliveira, Luciane Pascucci Sande de Souza, Guy Bourhis, Pierre Pino, Adriano de Oliveira Andrade, Yann Morère, Eduardo Lázaro Martins Naves	2227-9032	2	4.9	0.606	A3
